Date,Yield on U.S. 10 Year Government Bond - %,S&P 500,NASDAQ 100,Bloomberg Dollar Index,Gold Price (Oz.) - USD,M2 Money Supply - USD Trillions
2015-01-02,2.1105,2058.2,4230.24,1141.02,1188.39,12.0996
2015-01-05,2.032,2020.58,4160.96,1143.4,1204.86,12.0996
2015-01-06,1.9402,2002.61,4110.83,1143.01,1218.58,12.0996
2015-01-07,1.9677,2025.9,4160,1145.62,1211.41,12.0996
2015-01-08,2.0179,2062.14,4240.55,1147.54,1208.79,12.0996
2015-01-09,1.9449,2044.81,4213.28,1141.13,1223.25,12.0996
2015-01-12,1.907,2028.26,4169.97,1142.87,1233.31,12.0996
2015-01-13,1.9,2023.03,4166.2,1143.41,1230.64,12.0996
2015-01-14,1.8553,2011.27,4145.84,1140.2,1228.72,12.0996
2015-01-15,1.7149,1992.67,4089.65,1136.51,1262.75,12.0996
2015-01-16,1.8368,2019.42,4142.14,1139.27,1280.45,12.0996
2015-01-19,1.8368,2019.42,4142.14,1140.12,1275.65,12.0996
2015-01-20,1.788,2022.55,4171.21,1145.7,1295.32,12.0996
2015-01-21,1.8717,2032.12,4192.09,1145.78,1293.09,12.0996
2015-01-22,1.8631,2063.15,4270.36,1156.11,1302.25,12.0996
2015-01-23,1.7968,2051.82,4278.14,1161.31,1294.08,12.0996
2015-01-26,1.8241,2057.09,4275.72,1161.42,1281.4,12.0996
2015-01-27,1.8231,2029.55,4165.5,1154.57,1292.34,12.0996
2015-01-28,1.7207,2002.16,4140.38,1160.28,1284.49,12.0996
2015-01-29,1.7512,2021.25,4181.35,1165.6,1257.27,12.0996
2015-01-30,1.6407,1994.99,4148.43,1167.89,1283.79,12.0996
2015-02-02,1.6642,2020.85,4188.59,1165.31,1274.41,12.0996
2015-02-03,1.7915,2050.03,4229.15,1155.26,1260.52,12.0996
2015-02-04,1.7513,2041.51,4221.2,1161.07,1269.35,12.0996
2015-02-05,1.8204,2062.52,4256.18,1154.99,1264.82,12.0996
2015-02-06,1.9567,2055.47,4228.68,1166.02,1234.04,12.0996
2015-02-09,1.9775,2046.74,4216.09,1164.3,1239.03,12.0996
2015-02-10,1.9967,2068.59,4281.16,1169.35,1233.55,12.0996
2015-02-11,2.0176,2068.53,4297.28,1174.87,1218.83,12.0996
2015-02-12,1.9844,2088.48,4347.97,1163.11,1221.98,12.0996
2015-02-13,2.0504,2096.99,4384.03,1162.64,1229.76,12.0996
2015-02-16,2.0504,2096.99,4384.03,1164.45,1232.55,12.0996
2015-02-17,2.1379,2100.34,4385.34,1162.7,1209.89,12.0996
2015-02-18,2.08,2099.68,4390.91,1162.01,1212.42,12.0996
2015-02-19,2.1142,2097.45,4411.86,1167.35,1206.84,12.0996
2015-02-20,2.1117,2110.3,4443.05,1166.69,1201.94,12.0996
2015-02-23,2.0574,2109.66,4449.49,1168.74,1201.83,12.0996
2015-02-24,1.98,2115.48,4451.03,1165.51,1200.53,12.0996
2015-02-25,1.9688,2113.86,4440.59,1163.13,1205,12.0996
2015-02-26,2.0295,2110.74,4462.27,1173.75,1209.49,12.0996
2015-02-27,1.993,2104.5,4440.67,1172.37,1213.18,12.0996
2015-03-02,2.082,2117.39,4483.05,1176.47,1206.83,12.0996
2015-03-03,2.1189,2107.78,4458.78,1174.94,1203.74,12.0996
2015-03-04,2.1172,2098.53,4445.36,1179.25,1200.34,12.0996
2015-03-05,2.1154,2101.04,4452.06,1185.15,1198.4,12.0996
2015-03-06,2.2414,2071.26,4399.23,1198.93,1167.29,12.0996
2015-03-09,2.1907,2079.43,4412.99,1199.58,1167.21,12.0996
2015-03-10,2.1297,2044.16,4329.08,1209.12,1161.84,12.0996
2015-03-11,2.1086,2040.24,4305.38,1217.45,1155.31,12.0996
2015-03-12,2.1156,2065.95,4336.23,1212.27,1153.73,12.0996
2015-03-13,2.114,2053.4,4314.9,1222.12,1158.48,12.0996
2015-03-16,2.0717,2081.19,4370.47,1216.64,1154.81,12.0996
2015-03-17,2.0507,2074.28,4375.63,1216.11,1149.57,12.0996
2015-03-18,1.9199,2099.5,4422.5,1194.89,1167.61,12.0996
2015-03-19,1.9685,2089.27,4426.83,1210.93,1171.18,12.0996
2015-03-20,1.9303,2108.1,4458.54,1195.01,1182.54,12.0996
2015-03-23,1.912,2104.42,4445.55,1184.28,1189.54,12.0996
2015-03-24,1.8731,2091.5,4430.98,1186.08,1193.28,12.0996
2015-03-25,1.925,2061.05,4329.29,1185.46,1195.47,12.0996
2015-03-26,1.9894,2056.15,4315.26,1189.08,1204.81,12.0996
2015-03-27,1.9615,2061.02,4332.86,1190.89,1198.55,12.0996
2015-03-30,1.9475,2086.24,4382.82,1199.49,1186.07,12.0996
2015-03-31,1.9231,2067.89,4333.69,1200.68,1183.57,12.0996
2015-04-01,1.8573,2059.69,4311.26,1198.19,1203.98,12.0996
2015-04-02,1.9117,2066.96,4316.01,1191.23,1202.61,12.0996
2015-04-03,1.8389,2066.96,4316.01,1182.67,1206.91,12.0996
2015-04-06,1.8952,2080.62,4350.98,1185.72,1214.84,12.0996
2015-04-07,1.8848,2076.33,4344.08,1193.11,1209.22,12.0996
2015-04-08,1.9047,2081.9,4375.96,1192.62,1202.57,12.0996
2015-04-09,1.9596,2091.18,4403.95,1202.33,1194.81,12.0996
2015-04-10,1.9473,2102.06,4422.02,1204.23,1207.59,12.0996
2015-04-13,1.9272,2092.43,4409.21,1207.81,1198.88,12.0996
2015-04-14,1.8985,2095.84,4397.65,1199.97,1192.78,12.0996
2015-04-15,1.888,2106.63,4424.53,1193.92,1202.58,12.0996
2015-04-16,1.8897,2104.99,4418.83,1186.07,1198.55,12.0996
2015-04-17,1.8653,2081.18,4351.8,1185.36,1204.22,12.0996
2015-04-20,1.8896,2100.4,4417.4,1191.06,1195.89,12.0996
2015-04-21,1.9087,2097.29,4435.98,1192.37,1202.41,12.0996
2015-04-22,1.9788,2107.96,4460.81,1191.9,1187.13,12.0996
2015-04-23,1.9577,2112.93,4477.07,1184.57,1193.97,12.0996
2015-04-24,1.9086,2117.69,4536.78,1180.61,1179,12.0996
2015-04-27,1.9208,2108.92,4525.04,1178.46,1202.15,12.0996
2015-04-28,2.0034,2114.76,4515.27,1171.41,1212.17,12.0996
2015-04-29,2.0388,2106.85,4488.15,1165.23,1204.71,12.0996
2015-04-30,2.0317,2085.51,4414.25,1165.28,1184.37,12.0996
2015-05-01,2.1135,2108.29,4479.06,1172.27,1178.46,12.0996
2015-05-04,2.144,2114.49,4482.61,1173.08,1188.33,12.0996
2015-05-05,2.1853,2089.46,4409.39,1168.81,1193.34,12.0996
2015-05-06,2.2431,2080.15,4379.75,1160.75,1192.24,12.0996
2015-05-07,2.18,2088,4401.55,1165.87,1184.51,12.0996
2015-05-08,2.1478,2116.1,4458.65,1164.21,1188.39,12.0996
2015-05-11,2.2797,2105.33,4438.64,1168.95,1183.97,12.0996
2015-05-12,2.2489,2099.12,4420.65,1163.4,1193.94,12.0996
2015-05-13,2.2926,2098.48,4426.56,1154.76,1215.75,12.0996
2015-05-14,2.2301,2121.1,4495.04,1150.8,1221.14,12.0996
2015-05-15,2.1424,2122.73,4494.29,1150.19,1224.8,12.0996
2015-05-18,2.2337,2129.2,4512.95,1160.14,1225.51,12.0996
2015-05-19,2.2886,2127.83,4503.72,1170.71,1207.86,12.0996
2015-05-20,2.2479,2125.85,4505.3,1171.98,1209.8,12.0996
2015-05-21,2.1898,2130.82,4529.47,1171.06,1204.86,12.0996
2015-05-22,2.2092,2126.06,4527.16,1179.86,1206.21,12.0996
2015-05-25,2.2092,2126.06,4527.16,1180.85,1206.6,12.0996
2015-05-26,2.139,2104.2,4472.96,1191.84,1187.3,12.0996
2015-05-27,2.1285,2123.48,4546.06,1192.33,1188.09,12.0996
2015-05-28,2.1355,2120.79,4535.66,1192.3,1188.4,12.0996
2015-05-29,2.1214,2107.39,4508.25,1191.94,1190.58,12.0996
2015-06-01,2.1794,2111.73,4521.85,1198.56,1189.2,12.0996
2015-06-02,2.2624,2109.6,4508.89,1183.54,1193.01,12.0996
2015-06-03,2.3642,2114.07,4519.86,1180.46,1185.17,12.0996
2015-06-04,2.307,2095.84,4487.03,1183.58,1176.89,12.0996
2015-06-05,2.4076,2092.83,4477.19,1192.75,1171.94,12.0996
2015-06-08,2.3824,2079.28,4431.52,1181.1,1174.07,12.0996
2015-06-09,2.4384,2080.15,4427.61,1180.46,1176.8,12.0996
2015-06-10,2.4838,2105.2,4485.46,1171.61,1186.06,12.0996
2015-06-11,2.3772,2108.86,4488.47,1174.47,1182.01,12.0996
2015-06-12,2.3918,2094.11,4453.79,1175.58,1181.63,12.0996
2015-06-15,2.3559,2084.43,4432.92,1174.51,1186.43,12.0996
2015-06-16,2.3093,2096.29,4455.9,1175.57,1182.07,12.0996
2015-06-17,2.3165,2100.44,4468.98,1167.85,1185.55,12.0996
2015-06-18,2.3345,2121.24,4531.85,1165.02,1201.94,12.0996
2015-06-19,2.2577,2109.99,4513.42,1166.76,1200.27,12.0996
2015-06-22,2.3725,2122.85,4544.04,1169.51,1185.98,12.0996
2015-06-23,2.4087,2124.2,4548.74,1178.01,1178.63,12.0996
2015-06-24,2.3672,2108.58,4524.6,1179.11,1175.4,12.0996
2015-06-25,2.4088,2102.31,4514.01,1177.33,1173.17,12.0996
2015-06-26,2.4726,2101.49,4484.28,1180.11,1175.52,12.0996
2015-06-29,2.3242,2057.64,4379.87,1176.33,1179.83,12.0996
2015-06-30,2.3531,2063.11,4396.76,1180.77,1172.35,12.0996
2015-07-01,2.4219,2077.42,4429.23,1189.33,1168.79,12.0996
2015-07-02,2.3823,2076.78,4433.39,1186.29,1166.26,12.0996
2015-07-03,2.3823,2076.78,4433.39,1187.07,1169.1,12.0996
2015-07-06,2.285,2068.76,4418.66,1189.87,1170.33,12.0996
2015-07-07,2.2582,2081.34,4429.06,1194.5,1155.26,12.0996
2015-07-08,2.1922,2046.68,4351.58,1191.3,1158.33,12.0996
2015-07-09,2.3211,2051.31,4352.03,1192.85,1159.43,12.0996
2015-07-10,2.3972,2076.62,4420.15,1188.88,1163.74,12.0996
2015-07-13,2.4538,2099.6,4494.47,1196.51,1157.98,12.0996
2015-07-14,2.401,2108.95,4523.47,1194.33,1156.06,12.0996
2015-07-15,2.3521,2107.4,4528.36,1200.76,1149.45,12.0996
2015-07-16,2.3503,2124.29,4594.9,1205.22,1145.39,12.0996
2015-07-17,2.3469,2126.64,4661.6,1208,1134.14,12.0996
2015-07-20,2.3723,2128.28,4679.68,1210.42,1096.5,12.0996
2015-07-21,2.3253,2119.21,4674.41,1204.34,1101.25,12.0996
2015-07-22,2.3235,2114.15,4623.24,1207.85,1094.24,12.0996
2015-07-23,2.2677,2102.15,4602.83,1206.64,1090.7,12.0996
2015-07-24,2.2624,2079.65,4557.38,1209.47,1099.11,12.0996
2015-07-27,2.2175,2067.64,4519.09,1204.57,1093.98,12.0996
2015-07-28,2.2499,2093.25,4560.23,1203.84,1095.48,12.0996
2015-07-29,2.2859,2108.57,4581.6,1207.66,1096.85,12.0996
2015-07-30,2.2589,2108.63,4598.59,1211.1,1088.76,12.0996
2015-07-31,2.1801,2103.84,4588.91,1208.44,1095.8,12.0996
2015-08-03,2.148,2098.04,4580.46,1211.76,1086.79,12.0996
2015-08-04,2.2213,2093.32,4567.47,1215.12,1087.7,12.0996
2015-08-05,2.2699,2099.84,4602.24,1217.04,1085.03,12.0996
2015-08-06,2.2214,2083.56,4528.51,1215.32,1089.55,12.0996
2015-08-07,2.1623,2077.57,4520.08,1212.07,1094.15,12.0996
2015-08-10,2.2269,2104.18,4573.11,1207.84,1104.51,12.0996
2015-08-11,2.1409,2084.07,4513.99,1213.51,1108.95,12.0996
2015-08-12,2.148,2086.05,4528.19,1203.85,1124.47,12.0996
2015-08-13,2.1854,2083.39,4519.32,1207.5,1115.1,12.0996
2015-08-14,2.1977,2091.54,4530.74,1208.48,1115.07,12.0996
2015-08-17,2.1678,2102.44,4566.37,1210.39,1117.7,12.0996
2015-08-18,2.1925,2096.92,4542.07,1211.29,1117.71,12.0996
2015-08-19,2.1256,2079.61,4510.9,1208.06,1133.88,12.0996
2015-08-20,2.0679,2035.73,4385.13,1204.65,1152.2,12.0996
2015-08-21,2.0365,1970.89,4197.27,1199.84,1160.77,12.0996
2015-08-24,2.0034,1893.21,4038.6,1188.18,1155.11,12.1203
2015-08-25,2.0714,1867.61,4016.32,1195.19,1140.49,12.1203
2015-08-26,2.1752,1940.51,4219.6,1202.94,1125.26,12.1203
2015-08-27,2.1841,1987.66,4324.82,1205.59,1125,12.1203
2015-08-28,2.1807,1988.87,4329.12,1207.63,1133.6,12.1203
2015-08-31,2.2179,1972.18,4274.58,1206.82,1134.93,12.133
2015-09-01,2.1524,1913.85,4142.63,1204.89,1140.27,12.133
2015-09-02,2.1843,1948.86,4256.23,1209.05,1134.05,12.133
2015-09-03,2.1596,1951.13,4234.65,1212.25,1125.46,12.133
2015-09-04,2.1244,1921.22,4184.72,1213.91,1121.85,12.133
2015-09-07,2.1244,1921.22,4184.72,1214.03,1119.35,12.1295
2015-09-08,2.1828,1969.41,4303.53,1209.12,1121.55,12.1295
2015-09-09,2.2006,1942.04,4253.45,1210.66,1107.85,12.1295
2015-09-10,2.222,1952.29,4296.3,1205.84,1110.75,12.1295
2015-09-11,2.1883,1961.05,4323.23,1204.35,1107.95,12.1295
2015-09-14,2.1831,1953.03,4308.76,1202.87,1109.1,12.1499
2015-09-15,2.2867,1978.09,4360.28,1205.93,1105.35,12.1499
2015-09-16,2.294,1995.31,4383.67,1201.3,1119.52,12.1499
2015-09-17,2.1903,1990.2,4384.96,1193.93,1131.51,12.1499
2015-09-18,2.1336,1958.03,4323.86,1201.76,1139.23,12.1499
2015-09-21,2.2012,1966.97,4336.13,1207.56,1133.44,12.1766
2015-09-22,2.1337,1942.74,4274.1,1212.84,1124.76,12.1766
2015-09-23,2.1497,1938.76,4273.53,1217,1130.3,12.1766
2015-09-24,2.1266,1932.24,4261.1,1211.39,1153.95,12.1766
2015-09-25,2.1623,1931.34,4224.74,1214.12,1146.2,12.1766
2015-09-28,2.0949,1881.77,4103.47,1214.91,1131.95,12.162
2015-09-29,2.0508,1884.09,4083.37,1213.3,1127.43,12.162
2015-09-30,2.0368,1920.03,4181.06,1213.83,1115.09,12.162
2015-10-01,2.0368,1923.82,4192.96,1212.37,1113.61,12.162
2015-10-02,1.9929,1951.36,4267.45,1208.88,1138.6,12.162
2015-10-05,2.0562,1987.05,4331.43,1208.28,1135.75,12.1516
2015-10-06,2.0315,1979.92,4306.7,1200.75,1147.24,12.1516
2015-10-07,2.0668,1995.83,4333.46,1201.15,1145.54,12.1516
2015-10-08,2.104,2013.43,4350.15,1196.59,1139.01,12.1516
2015-10-09,2.0881,2014.89,4370.01,1192.45,1156.53,12.1516
2015-10-12,2.0881,2017.46,4382.56,1192.16,1163.85,12.1476
2015-10-13,2.0439,2003.69,4352.94,1194.29,1168.84,12.1476
2015-10-14,1.9718,1994.24,4346.92,1183.42,1184.13,12.1476
2015-10-15,2.0175,2023.86,4418.22,1185.28,1183.1,12.1476
2015-10-16,2.0334,2033.11,4438.62,1189.63,1177.3,12.1476
2015-10-19,2.0228,2033.66,4462.07,1193.03,1170.79,12.1563
2015-10-20,2.067,2030.77,4438.18,1193.41,1176.04,12.1563
2015-10-21,2.0228,2018.94,4413.52,1196.98,1167.18,12.1563
2015-10-22,2.0263,2052.51,4503.22,1205.06,1166.05,12.1563
2015-10-23,2.0866,2075.15,4624.09,1212.25,1164.45,12.1563
2015-10-26,2.0564,2071.18,4630.85,1209.09,1163.04,12.2192
2015-10-27,2.037,2065.89,4639.23,1210.39,1166.88,12.2192
2015-10-28,2.1009,2090.35,4678.58,1218.1,1156.1,12.2192
2015-10-29,2.1725,2089.41,4670.77,1214.89,1145.97,12.2192
2015-10-30,2.1421,2079.36,4648.83,1209.83,1142.11,12.2192
2015-11-02,2.1709,2104.05,4703.92,1208.81,1133.84,12.2608
2015-11-03,2.2105,2109.79,4719.05,1208.98,1117.79,12.2608
2015-11-04,2.225,2102.31,4717.55,1216.99,1107.9,12.2608
2015-11-05,2.2323,2099.93,4702.9,1219.11,1103.92,12.2608
2015-11-06,2.3252,2099.2,4707.23,1232.53,1089.8,12.2608
2015-11-09,2.3436,2078.58,4655.52,1231.33,1092.31,12.2624
2015-11-10,2.3419,2081.72,4641.73,1232.73,1089.67,12.2624
2015-11-11,2.3301,2075,4636.94,1229.43,1086.26,12.2624
2015-11-12,2.3116,2045.97,4588.93,1226.09,1085.2,12.2624
2015-11-13,2.2658,2023.04,4502.14,1229.63,1083.91,12.2624
2015-11-16,2.2676,2053.19,4565.47,1233.95,1082.76,12.2745
2015-11-17,2.2658,2050.44,4565.82,1235.36,1070.3,12.2745
2015-11-18,2.2728,2083.58,4653.44,1235.71,1070.73,12.2745
2015-11-19,2.2482,2081.24,4655.35,1227.44,1082.21,12.2745
2015-11-20,2.2623,2089.17,4686.36,1231.27,1078.01,12.2745
2015-11-23,2.2377,2086.59,4674.79,1233.98,1069.18,12.2909
2015-11-24,2.2377,2089.14,4669.41,1230.44,1075.65,12.2909
2015-11-25,2.2341,2088.87,4672.88,1231.51,1071.12,12.2909
2015-11-26,2.2341,2088.87,4672.88,1232.89,1072.33,12.2909
2015-11-27,2.2201,2090.11,4680.47,1237.35,1057.45,12.2909
2015-11-30,2.206,2080.41,4664.51,1237.85,1064.77,12.2892
2015-12-01,2.1431,2102.63,4716.16,1233.43,1069.29,12.2892
2015-12-02,2.1797,2079.51,4686.22,1235.81,1053.7,12.2892
2015-12-03,2.3136,2049.62,4606.76,1218.73,1062.11,12.2892
2015-12-04,2.2693,2091.69,4716.12,1223.73,1086.44,12.2892
2015-12-07,2.2288,2077.07,4693.62,1230.1,1071.34,12.2974
2015-12-08,2.2182,2063.59,4694.77,1230.3,1074.96,12.2974
2015-12-09,2.2164,2047.62,4622.14,1220.67,1072.78,12.2974
2015-12-10,2.2305,2052.23,4643.05,1225.41,1071.58,12.2974
2015-12-11,2.127,2012.37,4537.56,1225.87,1074.77,12.2974
2015-12-14,2.2217,2021.94,4570.16,1226.2,1059.86,12.314
2015-12-15,2.2658,2043.41,4597.33,1229.55,1061.22,12.314
2015-12-16,2.296,2073.07,4664.56,1229.75,1072.32,12.314
2015-12-17,2.2234,2041.89,4598.14,1239.22,1051.1,12.314
2015-12-18,2.204,2005.55,4514.83,1234.39,1066.25,12.314
2015-12-21,2.1917,2021.15,4560.55,1233.32,1078.4,12.3669
2015-12-22,2.2357,2038.97,4589.26,1231.18,1072.43,12.3669
2015-12-23,2.2534,2064.29,4624.59,1230.65,1070.5,12.3669
2015-12-24,2.241,2060.99,4622.77,1227.18,1076.1,12.3669
2015-12-25,2.241,2060.99,4622.77,1227.17,1069.08,12.3669
2015-12-28,2.2304,2056.5,4621.35,1227.58,1069.11,12.3661
2015-12-29,2.305,2078.36,4691.08,1228.65,1061.44,12.3661
2015-12-30,2.2943,2063.36,4652.01,1231.11,1061.1,12.3661
2015-12-31,2.2694,2043.94,4593.27,1232.59,1074.61,12.3661
2016-01-01,2.2694,2043.94,4593.27,1232.86,1077.68,12.3661
2016-01-04,2.2428,2012.66,4497.86,1236.77,1093.67,12.3493
2016-01-05,2.2357,2016.71,4484.18,1240.42,1108.97,12.3493
2016-01-06,2.1702,1990.26,4443.98,1242.54,1104.15,12.3493
2016-01-07,2.1455,1943.09,4305.73,1237.09,1094.2,12.3493
2016-01-08,2.1156,1922.03,4270.78,1240.22,1086.56,12.3493
2016-01-11,2.1754,1923.67,4283.55,1243.38,1093.59,12.4429
2016-01-12,2.1032,1938.68,4333.72,1244.25,1078.38,12.4429
2016-01-13,2.0927,1890.28,4183.12,1244.93,1088.88,12.4429
2016-01-14,2.0874,1921.84,4272.97,1246.15,1089.68,12.4429
2016-01-15,2.0347,1880.33,4141.08,1249.4,1087.41,12.4429
2016-01-18,2.0347,1880.33,4141.08,1250.36,1100.92,12.4532
2016-01-19,2.0556,1881.33,4147.08,1250.7,1101.2,12.4532
2016-01-20,1.9824,1859.33,4136.28,1251.45,1097.95,12.4532
2016-01-21,2.0311,1868.99,4142.6,1250.69,1107.9,12.4532
2016-01-22,2.0519,1906.9,4259.77,1253.1,1119.91,12.4532
2016-01-25,2.0012,1877.08,4196.53,1252.99,1124.97,12.495
2016-01-26,1.9942,1903.63,4233.85,1248.02,1115.33,12.495
2016-01-27,1.9993,1882.95,4128.86,1249.34,1118.21,12.495
2016-01-28,1.9784,1893.36,4186.06,1244.38,1128.41,12.495
2016-01-29,1.9209,1940.24,4279.17,1252.04,1129.01,12.495
2016-02-01,1.9486,1939.38,4286.56,1247.08,1142.63,12.5167
2016-02-02,1.8448,1903.03,4193.1,1248.52,1155.59,12.5167
2016-02-03,1.8861,1912.53,4171.97,1227.51,1173.4,12.5167
2016-02-04,1.8395,1915.45,4167.77,1221.02,1189.23,12.5167
2016-02-05,1.8357,1880.05,4024.47,1228.69,1189.13,12.5167
2016-02-08,1.7483,1853.44,3960.67,1226.58,1197.12,12.4886
2016-02-09,1.726,1852.21,3947.8,1220.94,1246.7,12.4886
2016-02-10,1.6681,1851.86,3966.28,1217.08,1237.97,12.4886
2016-02-11,1.6591,1829.08,3962.22,1217.51,1209.3,12.4886
2016-02-12,1.7481,1864.78,4019.19,1219.36,1200.44,12.4886
2016-02-15,1.7481,1864.78,4019.19,1225.45,1208.5,12.5257
2016-02-16,1.7723,1895.58,4104.33,1227.65,1230.87,12.5257
2016-02-17,1.819,1926.82,4199.1,1221.88,1226.8,12.5257
2016-02-18,1.7396,1917.83,4151.49,1222.4,1208.63,12.5257
2016-02-19,1.7449,1917.78,4164.09,1219.31,1226.85,12.5257
2016-02-22,1.7518,1945.5,4231.27,1221.98,1228.75,12.5518
2016-02-23,1.7225,1921.27,4162.54,1223.68,1232.91,12.5518
2016-02-24,1.7484,1929.8,4200.66,1223.47,1223.46,12.5518
2016-02-25,1.7157,1951.7,4241.06,1222.51,1238.67,12.5518
2016-02-26,1.7623,1948.05,4235.62,1231.01,1232.15,12.5518
2016-02-29,1.7347,1932.23,4201.12,1229.6,1239.98,12.5521
2016-03-01,1.8249,1978.35,4333.61,1227.61,1264.25,12.5521
2016-03-02,1.8406,1986.45,4334.39,1223.93,1258.95,12.5521
2016-03-03,1.8337,1993.4,4325.86,1218.17,1267.33,12.5521
2016-03-04,1.8741,1999.99,4329,1214.05,1261.44,12.5521
2016-03-07,1.9057,2001.76,4303.33,1211.09,1253.23,12.558
2016-03-08,1.8287,1979.26,4265.51,1213.62,1272.25,12.558
2016-03-09,1.876,1989.26,4293.23,1211.29,1249.45,12.558
2016-03-10,1.9323,1989.57,4286.97,1204.8,1235.27,12.558
2016-03-11,1.9839,2022.19,4361.83,1201.97,1232.38,12.558
2016-03-14,1.9592,2019.64,4367.33,1206.56,1262.57,12.5612
2016-03-15,1.9699,2015.93,4367.08,1209.49,1257.97,12.5612
2016-03-16,1.9081,2027.22,4404.2,1196.31,1255.4,12.5612
2016-03-17,1.8958,2040.59,4400.26,1183.14,1243.75,12.5612
2016-03-18,1.8732,2049.58,4410.83,1186.2,1248.32,12.5612
2016-03-21,1.9155,2051.6,4426.98,1189.65,1220.11,12.5957
2016-03-22,1.9403,2049.8,4437.62,1191.21,1216.82,12.5957
2016-03-23,1.8786,2036.71,4402.56,1198.99,1217.05,12.5957
2016-03-24,1.9,2035.94,4405.53,1199.99,1221.71,12.5957
2016-03-25,1.9,2035.94,4405.53,1201.29,1242.2,12.5957
2016-03-28,1.886,2037.05,4398.06,1196.99,1225.02,12.6415
2016-03-29,1.8035,2055.01,4467.72,1187.37,1232.75,12.6415
2016-03-30,1.8228,2063.95,4490.88,1183.19,1222.6,12.6415
2016-03-31,1.7687,2059.74,4483.66,1182.28,1215.43,12.6415
2016-04-01,1.7705,2072.78,4532.08,1181.72,1231.35,12.6415
2016-04-04,1.7618,2066.13,4511.7,1183.16,1222.47,12.6444
2016-04-05,1.7201,2045.17,4470.75,1186.14,1240.45,12.6444
2016-04-06,1.7549,2066.66,4543.78,1182.59,1240.69,12.6444
2016-04-07,1.6889,2041.91,4475.29,1184.91,1257.88,12.6444
2016-04-08,1.7167,2047.6,4474.93,1179.2,1255.63,12.6444
2016-04-11,1.7254,2041.99,4458.71,1174.15,1242.47,12.649
2016-04-12,1.7761,2061.72,4496.04,1171.92,1227.89,12.649
2016-04-13,1.7639,2082.42,4554.72,1179.16,1233.99,12.649
2016-04-14,1.7919,2082.78,4554.63,1180.57,1232.49,12.649
2016-04-15,1.7518,2080.73,4543.16,1178.78,1250.19,12.649
2016-04-18,1.7711,2094.34,4565.42,1176.18,1244.25,12.6716
2016-04-19,1.7851,2100.8,4537.09,1169.62,1248.05,12.6716
2016-04-20,1.845,2102.4,4540.44,1174.25,1233.03,12.6716
2016-04-21,1.861,2091.48,4540.8,1177.22,1237.97,12.6716
2016-04-22,1.8878,2091.58,4474.19,1183.36,1243.4,12.6716
2016-04-25,1.9128,2087.79,4474.13,1181.8,1245.83,12.7127
2016-04-26,1.9271,2091.7,4452.97,1177.67,1266.26,12.7127
2016-04-27,1.8508,2095.15,4416.64,1178.36,1293.53,12.7127
2016-04-28,1.8243,2075.81,4363.99,1166.54,1291.55,12.7127
2016-04-29,1.8333,2065.3,4341.3,1159.42,1286.5,12.7127
2016-05-02,1.8723,2081.43,4381.3,1156.29,1279.68,12.736
2016-05-03,1.7963,2063.37,4341.39,1164.69,1277.74,12.736
2016-05-04,1.7752,2051.12,4312.01,1170.04,1288.99,12.736
2016-05-05,1.7453,2050.63,4309.48,1174.89,1263.88,12.736
2016-05-06,1.7789,2057.14,4330.17,1176.44,1265.84,12.736
2016-05-09,1.7507,2058.69,4341.23,1183.31,1277.21,12.7359
2016-05-10,1.7613,2084.39,4402.04,1182.43,1263.68,12.7359
2016-05-11,1.7367,2064.46,4361.03,1177.51,1273.45,12.7359
2016-05-12,1.7516,2064.11,4342.81,1181.14,1274.16,12.7359
2016-05-13,1.7001,2046.61,4326.53,1186.6,1278.95,12.7359
2016-05-16,1.7533,2066.66,4380.48,1186.58,1258.5,12.7483
2016-05-17,1.7723,2047.21,4322.56,1186.52,1254.75,12.7483
2016-05-18,1.8538,2047.63,4338.23,1196,1251.98,12.7483
2016-05-19,1.8487,2040.04,4315.58,1196.77,1249.13,12.7483
2016-05-20,1.8384,2052.32,4362.9,1196.62,1227.21,12.7483
2016-05-23,1.835,2048.04,4355.1,1196.42,1224.41,12.7725
2016-05-24,1.8629,2076.06,4444.3,1199.91,1219.8,12.7725
2016-05-25,1.8664,2090.54,4476.43,1197.26,1212.38,12.7725
2016-05-26,1.8282,2090.1,4487.96,1194.54,1204.95,12.7725
2016-05-27,1.851,2099.06,4512.54,1200.61,1215.32,12.7725
2016-05-30,1.851,2099.06,4512.54,1201.29,1212.98,12.7621
2016-05-31,1.8458,2096.96,4523.89,1202.31,1211,12.7621
2016-06-01,1.8354,2099.33,4520.07,1197.16,1244.2,12.7621
2016-06-02,1.7989,2105.26,4531.35,1198.64,1245.34,12.7621
2016-06-03,1.7004,2099.13,4509.79,1180.91,1243.81,12.7621
2016-06-06,1.7367,2109.41,4523.63,1181.19,1262.8,12.7797
2016-06-07,1.7177,2112.13,4513.09,1176.45,1269.8,12.7797
2016-06-08,1.7022,2119.12,4520.63,1171.25,1274.24,12.7797
2016-06-09,1.6867,2115.48,4512.69,1176.18,1283.86,12.7797
2016-06-10,1.6404,2096.07,4461.05,1183.58,1285.72,12.7797
2016-06-13,1.6096,2079.06,4422.76,1183.42,1291.75,12.8268
2016-06-14,1.613,2075.32,4424.91,1188.99,1278.43,12.8268
2016-06-15,1.572,2071.5,4409.51,1185.88,1298.65,12.8268
2016-06-16,1.5788,2077.99,4424.23,1183.7,1289.9,12.8268
2016-06-17,1.6078,2071.22,4374.38,1178.52,1268.12,12.8268
2016-06-20,1.6886,2083.25,4400.16,1171.8,1266.22,12.8464
2016-06-21,1.7059,2088.9,4413.4,1175.44,1256.84,12.8464
2016-06-22,1.6852,2085.45,4404.73,1170.85,1315.75,12.8464
2016-06-23,1.7458,2113.32,4467.48,1165.98,1324.6,12.8464
2016-06-24,1.5599,2037.41,4285.7,1187.07,1311.79,12.8464
2016-06-27,1.4377,2000.54,4201.06,1197.37,1319.15,12.8513
2016-06-28,1.4664,2036.09,4290.47,1191.28,1321.9,12.8513
2016-06-29,1.5155,2070.77,4364.74,1185.68,1341.35,12.8513
2016-06-30,1.4697,2098.86,4417.7,1185.47,1350.79,12.8513
2016-07-01,1.4441,2102.95,4437.44,1182.71,1356.45,12.8513
2016-07-04,1.4441,2102.95,4437.44,1181.18,1363.78,12.848
2016-07-05,1.375,2088.55,4410.75,1190.5,1360.45,12.848
2016-07-06,1.3682,2099.73,4444.7,1188.38,1366.33,12.848
2016-07-07,1.385,2097.9,4459.58,1190.06,1355.4,12.848
2016-07-08,1.3579,2129.9,4528.36,1186.33,1333.1,12.848
2016-07-11,1.4303,2137.16,4554.71,1191.86,1342.64,12.856
2016-07-12,1.51,2152.14,4577.61,1190.88,1335.23,12.856
2016-07-13,1.4743,2152.43,4565.77,1189.52,1337.45,12.856
2016-07-14,1.5356,2163.75,4596.49,1187.02,1328.85,12.856
2016-07-15,1.5509,2161.74,4589.83,1191.61,1332.01,12.856
2016-07-18,1.5818,2166.89,4619.68,1192.05,1316.06,12.882
2016-07-19,1.5526,2163.78,4603.28,1198.31,1331.43,12.882
2016-07-20,1.5801,2173.02,4657.2,1199.84,1322.73,12.882
2016-07-21,1.556,2165.17,4647.02,1197.39,1315.6,12.882
2016-07-22,1.5663,2175.03,4666.07,1201.11,1320.26,12.882
2016-07-25,1.5731,2168.48,4665.93,1202.2,1340.08,12.9104
2016-07-26,1.5611,2169.18,4672.11,1199.09,1335.75,12.9104
2016-07-27,1.4976,2166.58,4702.89,1197.69,1351.28,12.9104
2016-07-28,1.5044,2170.06,4721.41,1196.85,1353.15,12.9104
2016-07-29,1.4531,2173.6,4730.23,1180.81,1363.57,12.9104
2016-08-01,1.5214,2170.84,4756.04,1184.72,1358.18,12.9375
2016-08-02,1.5558,2157.03,4719.21,1177.48,1361.15,12.9375
2016-08-03,1.542,2163.79,4734.33,1180.95,1336,12.9375
2016-08-04,1.5008,2164.25,4743.81,1181.83,1335.31,12.9375
2016-08-05,1.5885,2182.87,4791.21,1185.89,1340.73,12.9375
2016-08-08,1.592,2180.89,4784.74,1186.06,1346.61,12.9499
2016-08-09,1.547,2181.74,4795.75,1182.3,1338.78,12.9499
2016-08-10,1.5074,2175.49,4783.39,1177.11,1335.97,12.9499
2016-08-11,1.5593,2185.79,4803.31,1177.94,1339.4,12.9499
2016-08-12,1.5135,2184.05,4807.08,1177.35,1346.24,12.9499
2016-08-15,1.5576,2190.15,4827.12,1174.66,1348.73,12.9646
2016-08-16,1.5746,2178.15,4797.19,1166.27,1352.36,12.9646
2016-08-17,1.5491,2182.22,4805.45,1168.27,1341.47,12.9646
2016-08-18,1.5356,2187.02,4808.68,1161.8,1339.09,12.9646
2016-08-19,1.5781,2183.87,4806.14,1166.86,1337.56,12.9646
2016-08-22,1.5424,2182.64,4808.56,1168.62,1324.13,12.9924
2016-08-23,1.5458,2186.9,4818.48,1169.7,1321.97,12.9924
2016-08-24,1.5611,2175.44,4783.48,1171.57,1321.18,12.9924
2016-08-25,1.5731,2172.47,4775.43,1170.78,1323.38,12.9924
2016-08-26,1.6296,2169.04,4783.69,1180.32,1311.11,12.9924
2016-08-29,1.5595,2180.38,4791.09,1180.98,1308.97,12.9995
2016-08-30,1.5663,2176.12,4776,1187.81,1313.89,12.9995
2016-08-31,1.58,2170.95,4771.06,1187.91,1325.21,12.9995
2016-09-01,1.5681,2170.86,4783.94,1183.75,1327.08,12.9995
2016-09-02,1.6024,2179.98,4798.74,1184.44,1350,12.9995
2016-09-05,1.6024,2179.98,4798.74,1182.15,1345.18,13.0078
2016-09-06,1.534,2186.48,4829.51,1169.81,1338.3,13.0078
2016-09-07,1.5391,2186.16,4831.86,1171.44,1327.83,13.0078
2016-09-08,1.599,2181.3,4804,1175.71,1327.82,13.0078
2016-09-09,1.6749,2127.81,4681.54,1181.22,1319.05,13.0078
2016-09-12,1.6629,2159.04,4764.65,1178.28,1322.94,13.0354
2016-09-13,1.7271,2127.02,4722.85,1186.79,1314.75,13.0354
2016-09-14,1.6976,2125.77,4746.06,1185.78,1310.35,13.0354
2016-09-15,1.6907,2147.26,4819.9,1184.76,1313.19,13.0354
2016-09-16,1.6926,2139.16,4818.05,1192.86,1314.84,13.0354
2016-09-19,1.7118,2139.12,4796.07,1190.18,1335.17,13.0344
2016-09-20,1.6892,2139.76,4805.22,1191.87,1337.07,13.0344
2016-09-21,1.6511,2163.12,4853.75,1183.93,1337.56,13.0344
2016-09-22,1.6183,2177.18,4891.36,1182.65,1337.95,13.0344
2016-09-23,1.6184,2164.69,4858.91,1185.89,1327.32,13.0344
2016-09-26,1.5839,2146.1,4817.17,1184.39,1321.54,13.0507
2016-09-27,1.5564,2159.93,4866.71,1181.23,1320.37,13.0507
2016-09-28,1.5719,2171.37,4875.27,1180.66,1315.87,13.0507
2016-09-29,1.5599,2151.13,4838.3,1183.49,1311.6,13.0507
2016-09-30,1.5944,2168.27,4875.7,1182.79,1268.44,13.0507
2016-10-03,1.6221,2161.2,4866.63,1183.86,1266.85,13.0491
2016-10-04,1.6864,2150.49,4859.47,1190.65,1254.38,13.0491
2016-10-05,1.7021,2159.73,4877.75,1190.86,1257.08,13.0491
2016-10-06,1.7372,2160.77,4873.92,1196.17,1259.65,13.0491
2016-10-07,1.7181,2153.74,4864.52,1194.42,1252.8,13.0491
2016-10-10,1.7181,2163.66,4893.77,1195.09,1255.25,13.0949
2016-10-11,1.7638,2136.73,4821.91,1201.6,1258.09,13.0949
2016-10-12,1.7692,2139.18,4819.64,1204.26,1251.03,13.0949
2016-10-13,1.7411,2132.55,4803.1,1200.69,1255.85,13.0949
2016-10-14,1.7977,2132.98,4808.48,1205.22,1262.5,13.0949
2016-10-17,1.766,2126.5,4796.17,1202.11,1269.23,13.0946
2016-10-18,1.7379,2139.6,4839.72,1199.28,1265.76,13.0946
2016-10-19,1.7432,2144.29,4836.61,1197.72,1266.46,13.0946
2016-10-20,1.7556,2141.34,4832.71,1203.16,1264.44,13.0946
2016-10-21,1.7347,2141.16,4851.86,1206.65,1273.87,13.0946
2016-10-24,1.7647,2151.33,4909.97,1207.71,1267.1,13.11
2016-10-25,1.756,2143.16,4891.46,1206.27,1268.4,13.11
2016-10-26,1.7931,2139.43,4860.59,1208.17,1275.47,13.11
2016-10-27,1.8536,2133.04,4836.45,1212.2,1277.21,13.11
2016-10-28,1.8468,2126.41,4805.59,1208.35,1288.2,13.11
2016-10-31,1.8255,2126.15,4801.27,1208.25,1296.81,13.1315
2016-11-01,1.8274,2111.72,4766.94,1204.72,1302.7,13.1315
2016-11-02,1.8025,2097.94,4726.91,1202.39,1305.06,13.1315
2016-11-03,1.8115,2088.66,4679.1,1197.72,1281.64,13.1315
2016-11-04,1.7762,2085.18,4660.46,1195.25,1275.68,13.1315
2016-11-07,1.8261,2131.52,4773.73,1199.59,1277.98,13.1223
2016-11-08,1.8547,2139.56,4804.92,1199.17,1259.2,13.1223
2016-11-09,2.0571,2163.26,4825.18,1215.61,1227.64,13.1223
2016-11-10,2.1501,2167.48,4747.03,1225.88,1221.35,13.1223
2016-11-11,2.1501,2164.45,4751.95,1228.32,1228.73,13.1223
2016-11-14,2.2614,2164.2,4702.05,1237.46,1224.99,13.1644
2016-11-15,2.2189,2180.39,4764.47,1236.05,1216.42,13.1644
2016-11-16,2.2225,2176.94,4792.27,1239.06,1207.89,13.1644
2016-11-17,2.3026,2187.12,4826.59,1245.61,1214.23,13.1644
2016-11-18,2.3548,2181.9,4808.04,1251.57,1212.32,13.1644
2016-11-21,2.3154,2198.18,4859,1246.48,1188.32,13.209
2016-11-22,2.3119,2202.94,4873.84,1248.06,1181.67,13.209
2016-11-23,2.3498,2204.72,4853.86,1256.09,1183.56,13.209
2016-11-24,2.3498,2204.72,4853.86,1257.71,1194,13.209
2016-11-25,2.3572,2213.35,4870.02,1254.76,1188.31,13.209
2016-11-28,2.3124,2201.72,4857.02,1250.69,1173.2,13.2005
2016-11-29,2.291,2204.66,4873.21,1248.9,1171.69,13.2005
2016-11-30,2.3809,2198.81,4810.81,1255.53,1177.43,13.2005
2016-12-01,2.4481,2191.08,4734.1,1251.15,1170.38,13.2005
2016-12-02,2.3831,2191.95,4739.37,1247.36,1169.85,13.2005
2016-12-05,2.3941,2204.71,4778.14,1242.66,1173.98,13.2007
2016-12-06,2.3887,2212.23,4788.67,1244.77,1170.78,13.2007
2016-12-07,2.3401,2241.35,4851.94,1241.28,1159.86,13.2007
2016-12-08,2.4071,2246.19,4859.19,1247.8,1162.22,13.2007
2016-12-09,2.4675,2259.53,4895.9,1253.59,1158.54,13.2007
2016-12-12,2.4712,2256.96,4874.3,1246.14,1142.95,13.2005
2016-12-13,2.4713,2271.72,4935.84,1247.3,1128.5,13.2005
2016-12-14,2.5707,2253.28,4921.22,1261.04,1134.88,13.2005
2016-12-15,2.5967,2262.03,4933.41,1269.2,1138.21,13.2005
2016-12-16,2.5916,2258.07,4914.86,1268.87,1132.35,13.2005
2016-12-19,2.5382,2262.53,4934.85,1270.08,1131.61,13.2065
2016-12-20,2.5586,2270.76,4953.8,1272.29,1128.38,13.2065
2016-12-21,2.5348,2265.18,4948.91,1271.07,1133.3,13.2065
2016-12-22,2.5515,2260.96,4934.39,1274.25,1138.78,13.2065
2016-12-23,2.5373,2263.79,4940.02,1273.42,1141.67,13.2065
2016-12-26,2.5373,2263.79,4940.02,1273.52,1158.19,13.22
2016-12-27,2.5596,2268.88,4965.81,1274.84,1147.5,13.22
2016-12-28,2.508,2249.92,4926.29,1276.72,1158.84,13.22
2016-12-29,2.475,2249.26,4918.28,1270.33,1163.65,13.22
2016-12-30,2.4443,2238.83,4863.62,1267.38,1180.12,13.22
2017-01-02,2.4443,2238.83,4863.62,1266.96,1172.63,13.2257
2017-01-03,2.4444,2257.83,4911.33,1277.53,1181.1,13.2257
2017-01-04,2.439,2270.75,4937.21,1272.13,1187.88,13.2257
2017-01-05,2.3443,2269,4964.95,1259.72,1191.62,13.2257
2017-01-06,2.4193,2276.98,5007.08,1266.94,1195.43,13.2257
2017-01-09,2.3647,2268.9,5024.9,1265.5,1197.34,13.258
2017-01-10,2.3757,2268.9,5035.17,1267.2,1202.73,13.258
2017-01-11,2.3721,2275.32,5050.21,1264.85,1217.07,13.258
2017-01-12,2.3631,2270.44,5041.43,1259.03,1204.3,13.258
2017-01-13,2.3964,2274.64,5059.51,1256.39,1204.85,13.258
2017-01-16,2.3964,2274.64,5059.51,1261.08,1210.32,13.2763
2017-01-17,2.3253,2267.89,5044.65,1245.21,1218.23,13.2763
2017-01-18,2.4296,2271.89,5055.85,1258.3,1208.94,13.2763
2017-01-19,2.4739,2263.69,5051.17,1257.95,1200.69,13.2763
2017-01-20,2.4668,2271.31,5063.2,1253.45,1188.5,13.2763
2017-01-23,2.3971,2265.2,5065.7,1244.56,1191.2,13.2932
2017-01-24,2.4652,2280.07,5101.06,1245.87,1195.7,13.2932
2017-01-25,2.5116,2298.37,5151.47,1238.93,1210.72,13.2932
2017-01-26,2.5043,2296.68,5156.92,1246.49,1209.84,13.2932
2017-01-27,2.4843,2294.69,5168.06,1246.38,1215.96,13.2932
2017-01-30,2.4881,2280.9,5129.33,1242.86,1220.3,13.2921
2017-01-31,2.4531,2278.87,5116.77,1234.36,1235.53,13.2921
2017-02-01,2.4699,2279.55,5152.69,1234.63,1233.85,13.2921
2017-02-02,2.4737,2280.85,5147.7,1232.54,1241.53,13.2921
2017-02-03,2.4648,2297.42,5161.6,1231.15,1228.36,13.2921
2017-02-06,2.4077,2292.56,5167.96,1232.34,1233.62,13.2994
2017-02-07,2.3931,2293.08,5185.88,1237.42,1225.26,13.2994
2017-02-08,2.3363,2294.67,5196.58,1235.72,1228.13,13.2994
2017-02-09,2.3948,2307.87,5212.16,1239.08,1233.7,13.2994
2017-02-10,2.4073,2316.1,5226.69,1239.13,1239.04,13.2994
2017-02-13,2.4358,2328.25,5256.82,1241.03,1234.6,13.3026
2017-02-14,2.4698,2337.58,5271.07,1242.73,1238.47,13.3026
2017-02-15,2.4932,2349.25,5302.39,1240.55,1235.74,13.3026
2017-02-16,2.4467,2347.22,5300.64,1236.95,1237.44,13.3026
2017-02-17,2.4147,2351.16,5324.72,1240.84,1249.56,13.3026
2017-02-20,2.4147,2351.16,5324.72,1239.82,1257.19,13.3157
2017-02-21,2.429,2365.38,5350.73,1241.76,1252.73,13.3157
2017-02-22,2.4129,2362.82,5352.13,1238.92,1248.44,13.3157
2017-02-23,2.372,2363.81,5332.37,1234.65,1249.69,13.3157
2017-02-24,2.3117,2367.34,5343.31,1236.39,1234.25,13.3157
2017-02-27,2.365,2369.75,5347.55,1237.9,1234.81,13.3547
2017-02-28,2.3899,2363.64,5330.31,1239.43,1225.29,13.3547
2017-03-01,2.4526,2395.96,5390.99,1244.39,1215.86,13.3547
2017-03-02,2.4779,2381.92,5363.26,1251.08,1208.31,13.3547
2017-03-03,2.478,2383.12,5373.48,1242.22,1201.24,13.3547
2017-03-06,2.4997,2375.31,5360.31,1245.11,1204.64,13.3546
2017-03-07,2.5179,2368.39,5351.28,1245.15,1204.3,13.3546
2017-03-08,2.5597,2362.98,5359.81,1250.21,1199.12,13.3546
2017-03-09,2.6053,2364.87,5363.98,1251.15,1219.88,13.3546
2017-03-10,2.5745,2372.6,5385.9,1243.81,1226.61,13.3546
2017-03-13,2.6258,2373.47,5394.57,1243.98,1229.26,13.3888
2017-03-14,2.6002,2365.45,5382.17,1247.49,1234.24,13.3888
2017-03-15,2.493,2385.26,5416.25,1231.36,1244.81,13.3888
2017-03-16,2.5402,2381.38,5412.08,1229.07,1248.84,13.3888
2017-03-17,2.5005,2378.25,5408.76,1227.49,1245.2,13.3888
2017-03-20,2.4607,2373.47,5413.31,1226.04,1243.57,13.3999
2017-03-21,2.4175,2344.02,5332.53,1222.11,1254.86,13.3999
2017-03-22,2.405,2348.45,5367.56,1220.42,1251.82,13.3999
2017-03-23,2.4194,2345.96,5355.14,1220.48,1253.45,13.3999
2017-03-24,2.4123,2343.98,5364,1219.71,1242.64,13.3999
2017-03-27,2.3782,2341.59,5374.27,1215.06,1249.2,13.4165
2017-03-28,2.4178,2358.57,5407.21,1220.57,1253.5,13.4165
2017-03-29,2.3765,2361.13,5430.27,1219.13,1256.28,13.4165
2017-03-30,2.4197,2368.06,5439.74,1224.24,1255.76,13.4165
2017-03-31,2.3874,2362.72,5436.23,1223.05,1251.7,13.4165
2017-04-03,2.3193,2358.84,5432.2,1223.58,1254.53,13.4056
2017-04-04,2.3605,2360.16,5440.41,1225.7,1254.68,13.4056
2017-04-05,2.3354,2352.95,5418.52,1224.35,1274.86,13.4056
2017-04-06,2.3408,2357.49,5420.88,1226.58,1286.78,13.4056
2017-04-07,2.3822,2355.54,5418.37,1230.31,1287.92,13.4056
2017-04-10,2.3661,2357.16,5421.68,1228.98,1285.69,13.4315
2017-04-11,2.2962,2353.78,5398.4,1225.81,1284.71,13.4315
2017-04-12,2.2392,2344.93,5377.03,1219.96,1289.76,13.4315
2017-04-13,2.2374,2328.95,5353.59,1221.36,1280.21,13.4315
2017-04-14,2.2374,2328.95,5353.59,1221.36,1280.21,13.4315
2017-04-17,2.2498,2349.01,5399.2,1218.69,1281.9,13.4344
2017-04-18,2.1682,2342.19,5391.66,1212.97,1284.44,13.4344
2017-04-19,2.2143,2338.17,5399.64,1218.4,1276.31,13.4344
2017-04-20,2.232,2355.84,5443.53,1218.1,1264.13,13.4344
2017-04-21,2.248,2348.69,5442.05,1218.65,1269.22,13.4344
2017-04-24,2.273,2374.15,5508.03,1212.94,1264.3,13.464
2017-04-25,2.3322,2388.61,5548.19,1214.23,1268.28,13.464
2017-04-26,2.3035,2387.45,5541.09,1217.9,1256.58,13.464
2017-04-27,2.2946,2388.77,5571.28,1218.27,1256.76,13.464
2017-04-28,2.2802,2384.2,5583.53,1216.6,1238.17,13.464
2017-05-01,2.318,2388.33,5629.63,1217.09,1228.16,13.49
2017-05-02,2.2803,2391.17,5644.07,1216.07,1228.01,13.49
2017-05-03,2.318,2388.13,5625.16,1220.51,1226.23,13.49
2017-05-04,2.3541,2389.52,5626.32,1217.99,1221.23,13.49
2017-05-05,2.3487,2399.29,5646.09,1215.66,1219.1,13.49
2017-05-08,2.3868,2399.38,5659.07,1222.19,1225.04,13.4749
2017-05-09,2.3977,2396.92,5678.31,1227.43,1228.43,13.4749
2017-05-10,2.4141,2399.63,5681.68,1225.93,1230.82,13.4749
2017-05-11,2.3874,2394.44,5674.22,1224.41,1237.24,13.4749
2017-05-12,2.3257,2390.9,5686.81,1220.15,1261.36,13.4749
2017-05-15,2.3433,2402.32,5704.48,1217.09,1247.07,13.4933
2017-05-16,2.3257,2400.67,5724.44,1210.04,1255.93,13.4933
2017-05-17,2.2243,2357.03,5580.55,1203.92,1260.63,13.4933
2017-05-18,2.2294,2365.72,5626.31,1207.8,1251.22,13.4933
2017-05-19,2.2346,2381.73,5651.56,1200.25,1258.73,13.4933
2017-05-22,2.2537,2394.02,5699.4,1198.81,1255.67,13.527
2017-05-23,2.2799,2398.42,5703.35,1202.81,1266.76,13.527
2017-05-24,2.2502,2404.39,5730.3,1198.68,1268.1,13.527
2017-05-25,2.2554,2415.07,5778.38,1200.47,1263.09,13.527
2017-05-26,2.2465,2415.82,5788.36,1201.73,1268.92,13.527
2017-05-29,2.2465,2415.82,5788.36,1201.59,1265.96,13.5373
2017-05-30,2.2098,2412.91,5794.63,1201.06,1279.17,13.5373
2017-05-31,2.2028,2411.8,5788.8,1198.69,1279.8,13.5373
2017-06-01,2.2114,2430.06,5816.51,1201.3,1294.39,13.5373
2017-06-02,2.1591,2439.07,5881.46,1196.41,1287.15,13.5373
2017-06-05,2.1817,2436.1,5878.12,1194.29,1278.01,13.5263
2017-06-06,2.1451,2429.33,5856.77,1190.07,1266.76,13.5263
2017-06-07,2.1729,2433.14,5877.59,1191.18,1266.18,13.5263
2017-06-08,2.1885,2433.79,5885.3,1193.42,1266.55,13.5263
2017-06-09,2.2005,2431.77,5741.94,1196.33,1260.86,13.5263
2017-06-12,2.2145,2429.39,5708.18,1194.63,1253.98,13.5295
2017-06-13,2.2109,2440.35,5751.82,1192.22,1253.73,13.5295
2017-06-14,2.1256,2437.92,5727.07,1190.1,1243.84,13.5295
2017-06-15,2.1637,2432.46,5700.89,1196.57,1243.01,13.5295
2017-06-16,2.1514,2433.15,5681.48,1192.6,1246.48,13.5295
2017-06-19,2.1879,2453.46,5772.22,1197.26,1250.51,13.5366
2017-06-20,2.1565,2437.03,5726.31,1201.2,1256.71,13.5366
2017-06-21,2.1634,2435.61,5782.39,1200.23,1244.72,13.5366
2017-06-22,2.1477,2434.5,5779.87,1198.28,1247.17,13.5366
2017-06-23,2.1423,2438.3,5803.11,1195.4,1249.27,13.5366
2017-06-26,2.137,2439.07,5777.59,1196.19,1245.51,13.5693
2017-06-27,2.2051,2419.38,5671.6,1189.19,1241.61,13.5693
2017-06-28,2.2279,2440.69,5753.03,1184.46,1220.2,13.5693
2017-06-29,2.2666,2419.7,5653.02,1182.32,1223.42,13.5693
2017-06-30,2.3037,2423.41,5646.92,1183.8,1227.04,13.5693
2017-07-03,2.3499,2429.01,5596.96,1190.01,1225.22,13.5568
2017-07-04,2.3499,2429.01,5596.96,1189.97,1212.46,13.5568
2017-07-05,2.3232,2432.54,5648.82,1191.37,1214.36,13.5568
2017-07-06,2.3659,2409.75,5597.91,1188.21,1217.72,13.5568
2017-07-07,2.3856,2425.18,5656.47,1188.36,1220.51,13.5568
2017-07-10,2.373,2427.43,5694.15,1187.85,1217.58,13.6006
2017-07-11,2.3605,2425.53,5709.8,1185.74,1228.7,13.6006
2017-07-12,2.3177,2443.25,5778.95,1181.64,1234.11,13.6006
2017-07-13,2.3444,2447.83,5793.36,1180.6,1242.47,13.6006
2017-07-14,2.3319,2459.27,5838.08,1172.54,1241.25,13.6006
2017-07-17,2.3141,2459.14,5839.74,1173.23,1244.49,13.6163
2017-07-18,2.259,2460.61,5880.1,1167.17,1254.98,13.6163
2017-07-19,2.2696,2473.83,5916.16,1167.94,1255.3,13.6163
2017-07-20,2.2589,2473.45,5921.22,1164.51,1250.06,13.6163
2017-07-21,2.2375,2472.54,5921.53,1161.47,1260.53,13.6163
2017-07-24,2.2552,2469.91,5941.37,1161.84,1259.15,13.6333
2017-07-25,2.3354,2477.13,5930.65,1164.32,1269.64,13.6333
2017-07-26,2.2872,2477.83,5950.73,1157.29,1269.44,13.6333
2017-07-27,2.3103,2475.42,5917.03,1162.15,1268.76,13.6333
2017-07-28,2.2889,2472.1,5908.92,1156.85,1266.65,13.6333
2017-07-31,2.2942,2470.3,5880.33,1153.4,1268.6,13.6359
2017-08-01,2.2532,2476.35,5895.17,1155.96,1258.88,13.6359
2017-08-02,2.271,2477.57,5914.23,1155.3,1257.85,13.6359
2017-08-03,2.2212,2472.16,5891.2,1154.4,1260.96,13.6359
2017-08-04,2.262,2476.83,5899.91,1160.71,1277.3,13.6359
2017-08-07,2.253,2480.91,5934.73,1161.49,1286.53,13.6335
2017-08-08,2.2619,2474.92,5926.35,1161.77,1289.31,13.6335
2017-08-09,2.2476,2474.02,5919.39,1161.81,1282.15,13.6335
2017-08-10,2.1975,2438.21,5788.19,1160.66,1271.53,13.6335
2017-08-11,2.1888,2441.32,5831.53,1156.66,1283.11,13.6335
2017-08-14,2.2185,2465.84,5908.17,1160.65,1288.15,13.6427
2017-08-15,2.2728,2464.61,5907.73,1165.09,1284.13,13.6427
2017-08-16,2.222,2468.11,5917.42,1159.9,1291.88,13.6427
2017-08-17,2.1853,2430.01,5796.32,1161.99,1285.08,13.6427
2017-08-18,2.1939,2425.55,5790.91,1157.99,1290.96,13.6427
2017-08-21,2.1817,2428.37,5786.54,1155.05,1286.4,13.6782
2017-08-22,2.2131,2452.51,5873.33,1159.03,1291.35,13.6782
2017-08-23,2.166,2444.04,5851.78,1155.65,1310.13,13.6782
2017-08-24,2.1939,2438.97,5834.44,1157.46,1309.23,13.6782
2017-08-25,2.1659,2443.05,5822.53,1149.92,1308.6,13.6782
2017-08-28,2.1571,2444.24,5838.08,1149.2,1321.43,13.6977
2017-08-29,2.1292,2446.3,5862.14,1151.04,1325.23,13.6977
2017-08-30,2.1309,2457.59,5932.9,1155.55,1333.87,13.6977
2017-08-31,2.117,2471.65,5988.6,1152.94,1339.71,13.6977
2017-09-01,2.1657,2476.55,5987.9,1152.77,1334.22,13.6977
2017-09-04,2.1657,2476.55,5987.9,1151.75,1349.22,13.6897
2017-09-05,2.0596,2457.85,5932.73,1147.89,1346.59,13.6897
2017-09-06,2.1046,2465.54,5951.13,1146.61,1327.54,13.6897
2017-09-07,2.0387,2465.1,5964.31,1138.2,1331.81,13.6897
2017-09-08,2.0507,2461.43,5913.37,1135.93,1322.37,13.6897
2017-09-11,2.1306,2488.11,5980.53,1142.15,1329.74,13.6957
2017-09-12,2.1672,2496.48,5995.64,1143.45,1320.18,13.6957
2017-09-13,2.1883,2498.37,6004.38,1147.97,1307.44,13.6957
2017-09-14,2.1847,2495.62,5968.82,1145.08,1311.15,13.6957
2017-09-15,2.2023,2500.23,5988,1142.27,1301.1,13.6957
2017-09-18,2.2287,2503.87,5981.12,1146.04,1291.2,13.6983
2017-09-19,2.2446,2506.65,5991.08,1144.56,1297.3,13.6983
2017-09-20,2.2676,2508.24,5973.6,1150.25,1310.78,13.6983
2017-09-21,2.2765,2500.6,5934.91,1150.6,1293.98,13.6983
2017-09-22,2.2499,2502.22,5932.32,1148.42,1282.78,13.6983
2017-09-25,2.2198,2496.66,5867.35,1152.99,1287.3,13.7186
2017-09-26,2.2357,2496.84,5881.34,1156.75,1279.75,13.7186
2017-09-27,2.3103,2507.04,5937.79,1163.24,1271.13,13.7186
2017-09-28,2.3085,2510.06,5933.07,1160.7,1271.66,13.7186
2017-09-29,2.3336,2519.36,5979.3,1160.43,1274.85,13.7186
2017-10-02,2.3408,2529.12,5981.92,1165.79,1268.22,13.7422
2017-10-03,2.3229,2534.58,5995.06,1165.39,1276.68,13.7422
2017-10-04,2.3229,2537.74,5998.84,1164.16,1284.05,13.7422
2017-10-05,2.348,2552.07,6057.14,1170.77,1288.03,13.7422
2017-10-06,2.3589,2549.33,6064.57,1170.46,1291.72,13.7422
2017-10-09,2.3589,2544.73,6058.53,1169.69,1293.72,13.7565
2017-10-10,2.3607,2550.64,6063.52,1166.18,1303.82,13.7565
2017-10-11,2.3481,2555.24,6081.25,1162.74,1295.79,13.7565
2017-10-12,2.3177,2550.93,6069.99,1164.05,1285.12,13.7565
2017-10-13,2.273,2553.17,6092.45,1163.55,1281.08,13.7565
2017-10-16,2.3034,2557.64,6114.53,1166.84,1290.13,13.7472
2017-10-17,2.2998,2559.36,6122.61,1167.17,1280.47,13.7472
2017-10-18,2.3465,2561.26,6114.35,1167.45,1282.27,13.7472
2017-10-19,2.3178,2562.1,6092.62,1165.27,1276.58,13.7472
2017-10-20,2.3845,2575.21,6108.82,1172.23,1277.53,13.7472
2017-10-23,2.3664,2564.98,6067.83,1173.31,1266.99,13.7572
2017-10-24,2.4189,2569.13,6080.22,1176.35,1273.35,13.7572
2017-10-25,2.4317,2557.15,6055.04,1174.26,1276.29,13.7572
2017-10-26,2.4609,2560.4,6037.87,1183,1271.45,13.7572
2017-10-27,2.4064,2581.07,6213.47,1183.4,1274.66,13.7572
2017-10-30,2.3684,2572.83,6227.59,1179.73,1276.13,13.7657
2017-10-31,2.3793,2575.26,6248.56,1180.83,1269.91,13.7657
2017-11-01,2.3721,2579.36,6248.65,1181.91,1281.95,13.7657
2017-11-02,2.345,2579.85,6236.39,1179.92,1275.3,13.7657
2017-11-03,2.3325,2587.84,6295.58,1183.41,1281.36,13.7657
2017-11-06,2.3163,2591.13,6313.61,1179.92,1285.07,13.7636
2017-11-07,2.3145,2590.64,6320.78,1183.05,1275.07,13.7636
2017-11-08,2.3343,2594.38,6345.81,1181.79,1278.31,13.7636
2017-11-09,2.3416,2584.62,6312.21,1178.16,1280.25,13.7636
2017-11-10,2.3984,2582.3,6309.07,1178.29,1278.14,13.7636
2017-11-13,2.4055,2584.84,6316.18,1179.97,1278.58,13.7721
2017-11-14,2.3717,2578.87,6293.64,1174.94,1292.42,13.7721
2017-11-15,2.3222,2564.62,6258.36,1174.24,1276.92,13.7721
2017-11-16,2.3753,2585.64,6339.14,1174.09,1280.61,13.7721
2017-11-17,2.3435,2578.85,6314.51,1169.84,1292.12,13.7721
2017-11-20,2.3666,2582.14,6308.61,1174.5,1291.47,13.7779
2017-11-21,2.3559,2599.03,6378.63,1171.6,1288.37,13.7779
2017-11-22,2.3187,2597.08,6386.12,1162.97,1294.52,13.7779
2017-11-23,2.3187,2597.08,6386.12,1161.6,1293.98,13.7779
2017-11-24,2.3418,2602.42,6409.29,1159.33,1283.64,13.7779
2017-11-27,2.3277,2601.42,6405.97,1160.71,1275.01,13.8137
2017-11-28,2.3277,2627.04,6422.56,1162.97,1280.62,13.8137
2017-11-29,2.3882,2626.07,6311.38,1163.44,1276.18,13.8137
2017-11-30,2.4097,2647.58,6365.56,1163.55,1265.77,13.8137
2017-12-01,2.3615,2642.22,6337.87,1160.16,1263.37,13.8137
2017-12-04,2.3723,2639.44,6263.7,1162.83,1247.22,13.8138
2017-12-05,2.3509,2629.57,6265.11,1165.01,1248.49,13.8138
2017-12-06,2.3385,2629.27,6293.05,1168.17,1242.02,13.8138
2017-12-07,2.3634,2636.98,6316.28,1171.53,1244.49,13.8138
2017-12-08,2.376,2651.5,6344.57,1173.3,1255.5,13.8138
2017-12-11,2.3886,2659.99,6393.89,1173.74,1252.96,13.8432
2017-12-12,2.4011,2664.11,6383.65,1175.64,1256.44,13.8432
2017-12-13,2.3422,2662.85,6394.67,1167.63,1262.26,13.8432
2017-12-14,2.3493,2652.01,6389.91,1167.95,1261.7,13.8432
2017-12-15,2.353,2675.81,6466.32,1172.1,1265.57,13.8432
2017-12-18,2.3942,2690.16,6513.27,1169.81,1266.6,13.8515
2017-12-19,2.4644,2681.47,6480.67,1169.2,1274.16,13.8515
2017-12-20,2.497,2679.25,6472.48,1168.53,1283.1,13.8515
2017-12-21,2.4826,2684.57,6472.69,1168.53,1287.18,13.8515
2017-12-22,2.481,2683.34,6465.17,1170.48,1295.04,13.8515
2017-12-25,2.481,2683.34,6465.17,1170.48,1295.04,13.839
2017-12-26,2.4756,2680.5,6433.16,1170.26,1302.8,13.839
2017-12-27,2.4107,2682.62,6435.15,1167.21,1317.56,13.839
2017-12-28,2.4305,2687.54,6441.42,1163.11,1313.21,13.839
2017-12-29,2.4054,2673.61,6396.42,1159.44,1323.01,13.839
2018-01-01,2.4054,2673.61,6396.42,1159.44,1323.01,13.8277
2018-01-02,2.4633,2695.81,6511.34,1153.44,1319.59,13.8277
2018-01-03,2.4471,2713.06,6575.8,1155.78,1320.4,13.8277
2018-01-04,2.4525,2723.99,6584.58,1153.09,1312.85,13.8277
2018-01-05,2.4763,2743.15,6653.29,1152.76,1316.89,13.8277
2018-01-08,2.48,2747.71,6676.63,1155.91,1322.44,13.826
2018-01-09,2.553,2751.29,6677.94,1157.9,1337.64,13.826
2018-01-10,2.5568,2748.23,6662.66,1155.72,1339.99,13.826
2018-01-11,2.5367,2767.56,6708.49,1151.89,1338.41,13.826
2018-01-12,2.5462,2786.24,6758.54,1141.92,1326.84,13.826
2018-01-15,2.5462,2786.24,6758.54,1135.36,1327.03,13.8423
2018-01-16,2.5371,2776.42,6737.14,1135.25,1331.84,13.8423
2018-01-17,2.5904,2802.56,6810.28,1137.05,1333.92,13.8423
2018-01-18,2.6256,2798.03,6811.38,1135.12,1341.21,13.8423
2018-01-19,2.6592,2810.3,6834.33,1136.03,1358.46,13.8423
2018-01-22,2.65,2832.97,6906.28,1134.1,1348.26,13.8525
2018-01-23,2.6131,2839.13,6963.46,1131.94,1349.12,13.8525
2018-01-24,2.6465,2837.54,6919.35,1120.38,1340.33,13.8525
2018-01-25,2.617,2839.25,6916.3,1121.92,1338.59,13.8525
2018-01-26,2.6599,2872.87,7022.97,1118.63,1345.14,13.8525
2018-01-29,2.6936,2853.53,6988.32,1121.99,1348.79,13.8582
2018-01-30,2.7199,2822.43,6930.73,1121.62,1333.39,13.8582
2018-01-31,2.705,2823.81,6949.99,1119.67,1339.67,13.8582
2018-02-01,2.7896,2821.98,6901.5,1114.61,1324.16,13.8582
2018-02-02,2.8411,2762.13,6760.29,1124.15,1318.39,13.8582
2018-02-05,2.7056,2648.94,6495.92,1127.99,1318.76,13.8676
2018-02-06,2.8016,2695.14,6665.98,1127.8,1316.65,13.8676
2018-02-07,2.8359,2681.66,6582.02,1134.6,1322.7,13.8676
2018-02-08,2.824,2581,6306.1,1135.21,1329.55,13.8676
2018-02-09,2.8512,2619.55,6412.68,1134.01,1350.73,13.8676
2018-02-12,2.8585,2656,6523.85,1131.23,1353.67,13.8589
2018-02-13,2.8294,2662.94,6553.86,1127.12,1346.96,13.8589
2018-02-14,2.9022,2698.63,6675.03,1118.44,1346.46,13.8589
2018-02-15,2.9095,2731.2,6794.92,1113.35,1329.19,13.8589
2018-02-16,2.8749,2732.22,6770.66,1118.81,1324.63,13.8589
2018-02-19,2.8749,2732.22,6770.66,1119.65,1332.05,13.856
2018-02-20,2.8896,2716.26,6779.7,1126.07,1328.71,13.856
2018-02-21,2.95,2701.33,6759.26,1130.71,1333.68,13.856
2018-02-22,2.9207,2703.96,6761.85,1126.42,1318.36,13.856
2018-02-23,2.866,2747.3,6896.6,1126.34,1318.31,13.856
2018-02-26,2.8623,2779.6,6989.1,1126.46,1317.03,13.8888
2018-02-27,2.8934,2744.28,6900.35,1133.25,1322.75,13.8888
2018-02-28,2.8606,2713.83,6854.42,1135.52,1320.11,13.8888
2018-03-01,2.8078,2677.67,6750.54,1132.56,1334.56,13.8888
2018-03-02,2.8643,2691.25,6811.04,1129.23,1325.57,13.8888
2018-03-05,2.8808,2720.94,6881.28,1130.41,1321.99,13.9201
2018-03-06,2.8863,2728.12,6913.02,1125.81,1323.93,13.9201
2018-03-07,2.8827,2726.8,6929.39,1125.31,1323.1,13.9201
2018-03-08,2.8571,2738.97,6966.43,1129.94,1326.51,13.9201
2018-03-09,2.8938,2786.57,7101.18,1129.31,1324.85,13.9201
2018-03-12,2.8681,2783.02,7131.12,1126.26,1316.1,13.9309
2018-03-13,2.8426,2765.31,7046.51,1126.55,1314.24,13.9309
2018-03-14,2.817,2749.48,7040.98,1125.56,1316.85,13.9309
2018-03-15,2.828,2747.33,7030.97,1130.79,1311.31,13.9309
2018-03-16,2.8445,2752.01,7019.95,1131.94,1332.24,13.9309
2018-03-19,2.8555,2712.92,6864.88,1129.68,1329.03,13.9161
2018-03-20,2.8959,2716.94,6885.92,1134.34,1347.33,13.9161
2018-03-21,2.883,2711.93,6853.45,1123.68,1353.5,13.9161
2018-03-22,2.8244,2643.69,6682.26,1126.2,1345.05,13.9161
2018-03-23,2.8135,2588.26,6508.09,1122.38,1325.01,13.9161
2018-03-26,2.852,2658.55,6753.83,1117.8,1325.5,13.9522
2018-03-27,2.7753,2612.62,6529.84,1121.44,1325.48,13.9522
2018-03-28,2.7807,2605,6460.81,1128.06,1341.29,13.9522
2018-03-29,2.7389,2640.87,6581.13,1125.59,1332.74,13.9522
2018-03-30,2.7389,2640.87,6581.13,1124.77,1333.19,13.9522
2018-04-02,2.7298,2581.88,6390.84,1125.43,1326.57,13.958
2018-04-03,2.7753,2614.45,6458.83,1126.36,1333.03,13.958
2018-04-04,2.8027,2644.69,6560.06,1124.61,1336.35,13.958
2018-04-05,2.832,2662.84,6594.84,1129.16,1339.64,13.958
2018-04-06,2.7735,2604.47,6433.21,1126.7,1353.38,13.958
2018-04-09,2.779,2613.16,6472.34,1124.34,1334.94,13.9459
2018-04-10,2.8009,2656.87,6615.87,1121.51,1346.2,13.9459
2018-04-11,2.7808,2642.19,6583.44,1120.56,1345.93,13.9459
2018-04-12,2.8358,2663.99,6656.26,1122.03,1347.52,13.9459
2018-04-13,2.8267,2656.3,6628.34,1121.14,1349.41,13.9459
2018-04-16,2.8267,2677.84,6675.18,1118.01,1345.53,13.955
2018-04-17,2.8285,2706.39,6816.37,1118.66,1336.36,13.955
2018-04-18,2.8728,2708.64,6833.21,1120.66,1324.83,13.955
2018-04-19,2.9098,2693.13,6774.89,1125.92,1330.35,13.955
2018-04-20,2.9602,2670.14,6667.75,1131.42,1323.13,13.955
2018-04-23,2.9752,2670.29,6648.8,1140.75,1316.8,13.9698
2018-04-24,2.9995,2634.56,6509.05,1138.61,1324,13.9698
2018-04-25,3.0259,2639.4,6513.94,1143.17,1315.39,13.9698
2018-04-26,2.9809,2666.94,6649.65,1145.58,1303.85,13.9698
2018-04-27,2.9568,2669.91,6656.35,1143.15,1304.96,13.9698
2018-04-30,2.9531,2648.05,6605.57,1146.73,1312.06,13.9609
2018-05-01,2.9644,2654.8,6681.96,1154.15,1314.5,13.9609
2018-05-02,2.9663,2635.67,6644.48,1157.61,1314.21,13.9609
2018-05-03,2.9458,2629.73,6643.48,1154.05,1314.63,13.9609
2018-05-04,2.9497,2663.42,6769.12,1156.45,1312.72,13.9609
2018-05-07,2.9497,2672.63,6821.87,1159.25,1321.6,13.977
2018-05-08,2.976,2671.92,6815.48,1163.14,1319.3,13.977
2018-05-09,3.0042,2697.79,6893.21,1163.85,1313.5,13.977
2018-05-10,2.9622,2723.07,6963.55,1156.47,1290.53,13.977
2018-05-11,2.9695,2727.72,6952.56,1156.71,1290.73,13.977
2018-05-14,3.0024,2730.13,6964.37,1159.24,1290.79,14.0029
2018-05-15,3.0723,2711.45,6888.54,1166.2,1293.04,14.0029
2018-05-16,3.0964,2722.46,6929.97,1165.77,1292.6,14.0029
2018-05-17,3.1112,2720.13,6901.63,1167.61,1291.14,14.0029
2018-05-18,3.0559,2712.97,6866.25,1170.73,1293.41,14.0029
2018-05-21,3.0596,2733.01,6905.53,1169.1,1304.63,14.0374
2018-05-22,3.0597,2724.44,6893.62,1168.19,1302.25,14.0374
2018-05-23,2.9935,2733.29,6953.63,1169.31,1299.04,14.0374
2018-05-24,2.977,2727.76,6949.7,1167.93,1298.77,14.0374
2018-05-25,2.9313,2721.33,6960.92,1171.06,1301.38,14.0374
2018-05-28,2.9313,2721.33,6960.92,1172.43,1298.51,14.07
2018-05-29,2.781,2689.86,6926.54,1176.92,1293.4,14.07
2018-05-30,2.855,2724.01,6976.37,1169.84,1292.02,14.07
2018-05-31,2.8586,2705.27,6967.73,1170.66,1296.4,14.07
2018-06-01,2.9022,2734.62,7083.93,1172.49,1296.4,14.07
2018-06-04,2.9424,2746.87,7143.57,1171.66,1297.18,14.0834
2018-06-05,2.9277,2748.8,7166.75,1172.88,1298.17,14.0834
2018-06-06,2.9717,2772.35,7210.08,1170.17,1300.49,14.0834
2018-06-07,2.9204,2770.37,7152.83,1170,1295.97,14.0834
2018-06-08,2.9461,2779.03,7152.62,1169.52,1299.31,14.0834
2018-06-11,2.9516,2782,7168.48,1172.52,1302.25,14.101
2018-06-12,2.9608,2786.85,7209.18,1175.83,1278.94,14.101
2018-06-13,2.9663,2775.63,7205.26,1174.14,1278.32,14.101
2018-06-14,2.9351,2782.49,7279.59,1185.6,1274.66,14.101
2018-06-15,2.9205,2779.66,7255.76,1186.06,1267.86,14.101
2018-06-18,2.9169,2773.75,7251.41,1185.59,1267.19,14.1205
2018-06-19,2.8967,2762.59,7228.04,1188.21,1270.56,14.1205
2018-06-20,2.9389,2767.32,7280.71,1188.14,1265.64,14.1205
2018-06-21,2.8967,2749.76,7217.49,1184.8,1259.04,14.1205
2018-06-22,2.8949,2754.88,7197.51,1180.74,1252.35,14.1205
2018-06-25,2.8803,2717.07,7038.17,1179.24,1248.25,14.1352
2018-06-26,2.8766,2723.06,7068.2,1183.25,1252.6,14.1352
2018-06-27,2.8256,2699.63,6969.67,1190.74,1242.04,14.1352
2018-06-28,2.8365,2716.31,7031.6,1187.2,1252.73,14.1352
2018-06-29,2.8601,2718.37,7040.8,1181.2,1254.99,14.1352
2018-07-02,2.8711,2726.71,7097.82,1186.55,1257.91,14.1425
2018-07-03,2.8309,2713.22,7014.55,1179.63,1255.48,14.1425
2018-07-04,2.8309,2713.22,7014.55,1178.88,1257.68,14.1425
2018-07-05,2.8291,2736.61,7101.05,1176.95,1255.54,14.1425
2018-07-06,2.8217,2759.82,7207.33,1172.69,1241.96,14.1425
2018-07-09,2.8564,2784.17,7276,1173.56,1247.39,14.1298
2018-07-10,2.8491,2793.84,7282.6,1172.57,1244.32,14.1298
2018-07-11,2.8491,2774.02,7243.98,1181.17,1240.93,14.1298
2018-07-12,2.8454,2798.29,7366.25,1180.21,1227.54,14.1298
2018-07-13,2.8271,2801.31,7375.82,1179.43,1227.51,14.1298
2018-07-16,2.8582,2798.43,7357.9,1177.23,1222.97,14.1489
2018-07-17,2.86,2809.55,7403.89,1182.09,1229.53,14.1489
2018-07-18,2.8692,2815.62,7390.13,1183.43,1224.5,14.1489
2018-07-19,2.838,2804.49,7352.36,1186.58,1224.52,14.1489
2018-07-20,2.8931,2801.83,7350.23,1177.58,1231.63,14.1489
2018-07-23,2.9541,2806.98,7371.78,1178.88,1222.69,14.155
2018-07-24,2.9486,2820.4,7406.25,1177.41,1224.22,14.155
2018-07-25,2.9746,2846.07,7508.59,1171.6,1221.45,14.155
2018-07-26,2.9764,2837.44,7400.75,1177.39,1224.15,14.155
2018-07-27,2.9542,2818.82,7296.78,1175.47,1215.96,14.155
2018-07-30,2.9728,2802.6,7193.1,1172.92,1207.83,14.1546
2018-07-31,2.9598,2816.29,7231.98,1174.63,1214.9,14.1546
2018-08-01,3.0064,2813.36,7272.89,1175.8,1207.64,14.1546
2018-08-02,2.9859,2827.22,7372.15,1180.52,1210.97,14.1546
2018-08-03,2.9488,2840.35,7395.49,1178.96,1213.88,14.1546
2018-08-06,2.9395,2850.4,7439,1180.78,1212.47,14.1675
2018-08-07,2.973,2858.45,7462.65,1178.66,1210.57,14.1675
2018-08-08,2.96,2857.7,7469.55,1177.38,1193.5,14.1675
2018-08-09,2.9258,2853.58,7466.96,1183.13,1194.09,14.1675
2018-08-10,2.8732,2833.28,7408.3,1191.18,1174.85,14.1675
2018-08-13,2.8786,2821.93,7401.17,1193.65,1174.16,14.1982
2018-08-14,2.8985,2839.96,7447.17,1194.18,1184.25,14.1982
2018-08-15,2.8623,2818.37,7354.66,1196.37,1190.48,14.1982
2018-08-16,2.8659,2840.69,7374.3,1194.25,1195.99,14.1982
2018-08-17,2.8605,2850.13,7377.54,1188.12,1195.8,14.1982
2018-08-20,2.819,2857.05,7371.42,1185.62,1185.56,14.2088
2018-08-21,2.8298,2862.96,7397.23,1180.46,1205.35,14.2088
2018-08-22,2.8189,2861.82,7424.6,1178.15,1211.38,14.2088
2018-08-23,2.8261,2856.98,7413.84,1186.77,1201,14.2088
2018-08-24,2.8098,2874.69,7485.4,1180.66,1206.6,14.2088
2018-08-27,2.8459,2896.74,7559.13,1176.22,1199.98,14.2408
2018-08-28,2.8804,2897.52,7570.25,1177.94,1201.15,14.2408
2018-08-29,2.884,2914.04,7660.18,1176.18,1201.27,14.2408
2018-08-30,2.855,2901.13,7642.67,1178.35,1191.52,14.2408
2018-08-31,2.8604,2901.52,7654.55,1182.43,1196.73,14.2408
2018-09-03,2.8604,2901.52,7654.55,1183.68,1199.98,14.2371
2018-09-04,2.8985,2896.72,7622.32,1188.91,1196.93,14.2371
2018-09-05,2.9022,2888.6,7523.26,1186.29,1195.88,14.2371
2018-09-06,2.8731,2878.05,7453.17,1183.92,1198.59,14.2371
2018-09-07,2.9388,2871.68,7430.26,1188.49,1206.24,14.2371
2018-09-10,2.9314,2877.13,7447.68,1186.6,1201.47,14.2203
2018-09-11,2.9755,2887.89,7507.87,1186.76,1194.85,14.2203
2018-09-12,2.9626,2888.92,7488.06,1181.02,1201.46,14.2203
2018-09-13,2.97,2904.18,7561.69,1178.09,1198.36,14.2203
2018-09-14,2.9959,2904.98,7545.5,1181.97,1204.04,14.2203
2018-09-17,2.9867,2888.8,7434.73,1178.26,1207.18,14.2353
2018-09-18,3.0551,2904.31,7494.4,1178.84,1200.04,14.2353
2018-09-19,3.0626,2907.95,7490.32,1177.36,1199.03,14.2353
2018-09-20,3.0626,2930.75,7569.04,1172.28,1201.22,14.2353
2018-09-21,3.0628,2929.67,7531.07,1175.1,1194.44,14.2353
2018-09-24,3.0889,2919.37,7548.75,1177.66,1182.83,14.2518
2018-09-25,3.0964,2915.56,7563.19,1177.03,1190.88,14.2518
2018-09-26,3.048,2905.97,7563.09,1176.62,1188.99,14.2518
2018-09-27,3.0518,2914,7629.57,1182.89,1203.32,14.2518
2018-09-28,3.0612,2913.98,7627.65,1183.18,1197.35,14.2518
2018-10-01,3.0836,2924.59,7645.45,1184.01,1199.92,14.27
2018-10-02,3.0631,2923.43,7628.28,1186,1203.63,14.27
2018-10-03,3.1813,2925.51,7637.43,1191.26,1188.08,14.27
2018-10-04,3.187,2901.61,7490,1192.61,1189.77,14.27
2018-10-05,3.2328,2885.57,7399.01,1189.81,1194.79,14.27
2018-10-08,3.2328,2884.43,7352.82,1190.53,1224.09,14.2361
2018-10-09,3.2063,2880.34,7371.62,1189.83,1217.05,14.2361
2018-10-10,3.1629,2785.68,7044.5,1190.43,1227.06,14.2361
2018-10-11,3.1498,2728.37,6964.03,1184.83,1224.95,14.2361
2018-10-12,3.1613,2767.13,7157.21,1186.2,1222.29,14.2361
2018-10-15,3.1557,2750.79,7068.67,1183.84,1225.81,14.2615
2018-10-16,3.1633,2809.92,7276.43,1182.77,1226.49,14.2615
2018-10-17,3.205,2809.21,7278.63,1188.41,1222.1,14.2615
2018-10-18,3.1786,2768.78,7116.09,1193.53,1230.3,14.2615
2018-10-19,3.1921,2767.78,7107.23,1192.83,1233.79,14.2615
2018-10-22,3.1978,2755.88,7141.21,1196.48,1232.17,14.2867
2018-10-23,3.1676,2740.69,7118.67,1194.56,1233.53,14.2867
2018-10-24,3.1035,2656.1,6789.15,1199.4,1229.42,14.2867
2018-10-25,3.1167,2705.57,7016.39,1200.8,1222.93,14.2867
2018-10-26,3.0755,2658.69,6852.4,1197.59,1214.76,14.2867
2018-10-29,3.0849,2641.25,6713.9,1204.86,1233.43,14.2929
2018-10-30,3.1227,2682.63,6810.12,1208.01,1232.89,14.2929
2018-10-31,3.1435,2711.74,6967.1,1210.45,1231.49,14.2929
2018-11-01,3.1303,2740.37,7069.17,1200.38,1227.19,14.2929
2018-11-02,3.2121,2723.06,6965.29,1201.33,1226.49,14.2929
2018-11-05,3.2008,2738.31,6937.09,1199.8,1224,14.2495
2018-11-06,3.2276,2755.45,6988.85,1198.64,1209.65,14.2495
2018-11-07,3.2355,2813.89,7203.13,1197.61,1200.37,14.2495
2018-11-08,3.2373,2806.83,7158.59,1204.67,1202.23,14.2495
2018-11-09,3.1819,2781.01,7039.15,1206.52,1210.88,14.2495
2018-11-12,3.1819,2726.22,6829.1,1214.16,1213.36,14.2476
2018-11-13,3.1397,2722.18,6830.91,1211.19,1223.36,14.2476
2018-11-14,3.125,2701.58,6769.87,1207.72,1224.17,14.2476
2018-11-15,3.1103,2730.2,6890.45,1208.04,1221.66,14.2476
2018-11-16,3.0628,2736.27,6867.02,1200.97,1226.04,14.2476
2018-11-19,3.0628,2690.73,6642.92,1200.73,1228.64,14.2731
2018-11-20,3.0628,2641.89,6526.96,1206.58,1223.05,14.2731
2018-11-21,3.0627,2649.93,6575.66,1205.24,1222.4,14.2731
2018-11-22,3.0627,2649.93,6575.66,1202.87,1215.05,14.2731
2018-11-23,3.039,2632.56,6527.35,1207.54,1221.23,14.2731
2018-11-26,3.0535,2673.45,6678.34,1210,1224.21,14.2935
2018-11-27,3.0572,2682.17,6701.04,1212.16,1220.52,14.2935
2018-11-28,3.059,2743.79,6913.33,1205.35,1230.67,14.2935
2018-11-29,3.0298,2737.76,6892.4,1204.27,1238.54,14.2935
2018-11-30,2.9879,2760.17,6949.01,1208.43,1237.29,14.2935
2018-12-03,2.9697,2790.37,7062.13,1206.32,1237.78,14.3371
2018-12-04,2.9136,2700.06,6795.21,1206.33,1249.31,14.3371
2018-12-05,2.9136,2700.06,6795.21,1208.82,1244.46,14.3371
2018-12-06,2.8955,2695.95,6838.85,1205.5,1243.25,14.3371
2018-12-07,2.845,2633.08,6613.28,1204.18,1245.66,14.3371
2018-12-10,2.8575,2637.72,6682.74,1210.62,1241.99,14.3477
2018-12-11,2.879,2636.78,6704.24,1211.84,1239.02,14.3477
2018-12-12,2.9096,2651.07,6763.96,1207.13,1245.85,14.3477
2018-12-13,2.9131,2650.54,6767.97,1209.03,1249.42,14.3477
2018-12-14,2.8895,2599.95,6594.96,1212.46,1243.08,14.3477
2018-12-17,2.857,2545.94,6448.39,1208.4,1259.86,14.3544
2018-12-18,2.8175,2546.16,6491.52,1207.28,1256.94,14.3544
2018-12-19,2.7548,2506.96,6342.97,1208.34,1269.22,14.3544
2018-12-20,2.8065,2467.42,6243.2,1199.89,1268.54,14.3544
2018-12-21,2.7902,2416.62,6046.56,1206.67,1267.14,14.3544
2018-12-24,2.7383,2351.1,5899.35,1201.71,1275.71,14.4219
2018-12-25,2.7383,2351.1,5899.35,1202.19,1280.71,14.4219
2018-12-26,2.8079,2467.7,6262.77,1205.71,1282.49,14.4219
2018-12-27,2.7666,2488.83,6288.3,1200.84,1282.6,14.4219
2018-12-28,2.7182,2485.74,6285.27,1198.22,1284.59,14.4219
2018-12-31,2.6842,2506.85,6329.96,1195.91,1294.28,14.4486
2019-01-01,2.6842,2506.85,6329.96,1195.7,1286.05,14.4486
2019-01-02,2.6204,2510.03,6360.87,1199.79,1289.21,14.4486
2019-01-03,2.5535,2447.89,6147.13,1194.02,1285.39,14.4486
2019-01-04,2.6677,2531.94,6422.67,1191.38,1293.56,14.4486
2019-01-07,2.696,2549.69,6488.25,1186.84,1286.65,14.4326
2019-01-08,2.728,2574.41,6551.85,1189,1290.25,14.4326
2019-01-09,2.71,2584.96,6600.69,1180.56,1291.72,14.4326
2019-01-10,2.7421,2596.64,6620.94,1183.8,1289.51,14.4326
2019-01-11,2.7007,2596.26,6601.4,1183.97,1293.67,14.4326
2019-01-14,2.7024,2582.61,6541.04,1182.46,1292.05,14.4237
2019-01-15,2.7112,2610.3,6669.64,1185.38,1282.11,14.4237
2019-01-16,2.7218,2616.1,6668.56,1186.29,1280.47,14.4237
2019-01-17,2.7504,2635.96,6718.45,1186.52,1285.22,14.4237
2019-01-18,2.7842,2670.71,6784.61,1190.92,1282.72,14.4237
2019-01-21,2.7842,2670.71,6784.61,1191.32,1281.21,14.4297
2019-01-22,2.7392,2632.9,6646.81,1191.89,1305.25,14.4297
2019-01-23,2.7409,2638.7,6658.76,1188.48,1303.36,14.4297
2019-01-24,2.7157,2642.33,6702.55,1191.64,1311.79,14.4297
2019-01-25,2.7585,2664.76,6787.37,1183.31,1319.91,14.4297
2019-01-28,2.744,2643.85,6697.09,1183.71,1321.25,14.4822
2019-01-29,2.7098,2640,6632.79,1184.58,1317.98,14.4822
2019-01-30,2.6775,2681.05,6807.91,1180.19,1312.25,14.4822
2019-01-31,2.6293,2704.1,6906.84,1180.83,1315.32,14.4822
2019-02-01,2.6842,2706.53,6875.52,1181.98,1306.6,14.4822
2019-02-04,2.7235,2724.87,6959.96,1185.09,1310.11,14.4493
2019-02-05,2.6983,2737.7,7023.52,1186.21,1314.29,14.4493
2019-02-06,2.6946,2731.61,6997.62,1189.88,1308.12,14.4493
2019-02-07,2.6572,2706.05,6904.98,1191.83,1310.8,14.4493
2019-02-08,2.6339,2707.88,6913.13,1192.07,1306.27,14.4493
2019-02-11,2.6536,2709.8,6909.19,1197.72,1312.57,14.4547
2019-02-12,2.6877,2744.73,7014.67,1194.2,1322.49,14.4547
2019-02-13,2.7021,2753.03,7015.88,1199.45,1326.89,14.4547
2019-02-14,2.6536,2745.73,7022.42,1197.29,1340.94,14.4547
2019-02-15,2.6626,2775.6,7055.18,1195.04,1338.44,14.4547
2019-02-18,2.6626,2775.6,7055.18,1194.48,1323.63,14.4279
2019-02-19,2.6339,2779.76,7066.61,1190.55,1329.4,14.4279
2019-02-20,2.6447,2784.7,7062.34,1191.09,1327.58,14.4279
2019-02-21,2.6914,2774.88,7035.16,1192.71,1328.96,14.4279
2019-02-22,2.6518,2792.67,7090.63,1190.5,1319.86,14.4279
2019-02-25,2.6626,2796.11,7115.43,1189.46,1313.32,14.443
2019-02-26,2.6357,2793.9,7123.22,1185.77,1293.44,14.443
2019-02-27,2.6825,2792.38,7117,1187.46,1286.74,14.443
2019-02-28,2.715,2784.49,7097.53,1189.88,1288.01,14.443
2019-03-01,2.7531,2803.69,7151.57,1193.46,1286.36,14.443
2019-03-04,2.7223,2792.81,7150.83,1193.89,1285.61,14.4525
2019-03-05,2.7169,2789.65,7156.79,1195.72,1298.3,14.4525
2019-03-06,2.6934,2771.45,7112.47,1197.35,1293.35,14.4525
2019-03-07,2.6393,2748.93,7026.88,1204.98,1301.58,14.4525
2019-03-08,2.6285,2743.07,7015.69,1201.2,1309.12,14.4525
2019-03-11,2.6393,2783.3,7164.02,1198.8,1296.17,14.4605
2019-03-12,2.6015,2791.52,7201.28,1196.14,1302.4,14.4605
2019-03-13,2.6213,2810.92,7256.98,1191.81,1303.71,14.4605
2019-03-14,2.6303,2808.48,7243.01,1195.31,1306.56,14.4605
2019-03-15,2.5871,2822.48,7306.99,1192.81,1312.53,14.4605
2019-03-18,2.6033,2832.94,7326.28,1190.66,1309.36,14.4486
2019-03-19,2.6123,2832.57,7349.28,1189.46,1313.68,14.4486
2019-03-20,2.5263,2824.23,7380.75,1183.52,1321.9,14.4486
2019-03-21,2.5369,2854.88,7493.27,1188.74,1315.71,14.4486
2019-03-22,2.439,2800.71,7326.06,1191.1,1309.55,14.4486
2019-03-25,2.3983,2798.36,7316.96,1189.43,1290.42,14.479
2019-03-26,2.423,2818.46,7351.15,1192.18,1292.38,14.479
2019-03-27,2.3665,2805.37,7308.19,1194.39,1287.72,14.479
2019-03-28,2.3946,2815.44,7320.47,1198.25,1292.46,14.479
2019-03-29,2.405,2834.4,7378.77,1198.44,1289.93,14.479
2019-04-01,2.5009,2867.19,7478.42,1196.68,1292.21,14.5142
2019-04-02,2.4741,2867.24,7499.64,1197.83,1291.76,14.5142
2019-04-03,2.5241,2873.4,7544.97,1195.77,1297.48,14.5142
2019-04-04,2.5151,2879.39,7540.57,1197.33,1304.1,14.5142
2019-04-05,2.4954,2892.74,7578.84,1198.24,1307.99,14.5142
2019-04-08,2.5222,2895.77,7599.74,1194.58,1292.52,14.4924
2019-04-09,2.5006,2878.2,7568.49,1193.91,1290.43,14.4924
2019-04-10,2.4649,2888.21,7611.49,1191.96,1287.95,14.4924
2019-04-11,2.497,2888.32,7594.89,1194.83,1276.79,14.4924
2019-04-12,2.5651,2907.41,7628.15,1192.56,1273.98,14.4924
2019-04-15,2.5543,2905.58,7629.12,1193.3,1275.82,14.5399
2019-04-16,2.5904,2907.06,7654.73,1194.76,1275.52,14.5399
2019-04-17,2.594,2900.45,7680.72,1193.83,1274.99,14.5399
2019-04-18,2.5596,2905.03,7689.72,1197.45,1272.42,14.5399
2019-04-19,2.5596,2905.03,7689.72,1197.2,1275.76,14.5399
2019-04-22,2.5885,2907.97,7713.5,1196.74,1277.17,14.5161
2019-04-23,2.565,2933.68,7810.71,1200.2,1286.16,14.5161
2019-04-24,2.5181,2927.25,7784.41,1206.37,1279.9,14.5161
2019-04-25,2.5325,2926.17,7816.92,1206.29,1283.53,14.5161
2019-04-26,2.4982,2939.88,7826.68,1204.21,1276.76,14.5161
2019-04-29,2.5252,2943.03,7839.04,1203.11,1270.69,14.5675
2019-04-30,2.5018,2945.83,7781.46,1199.61,1279.11,14.5675
2019-05-01,2.4999,2923.73,7751.85,1201.12,1281.1,14.5675
2019-05-02,2.5414,2917.52,7724.06,1203.68,1284.43,14.5675
2019-05-03,2.525,2945.64,7845.73,1198.59,1280.88,14.5675
2019-05-06,2.4692,2932.47,7794.09,1199.72,1284.08,14.5852
2019-05-07,2.4566,2884.05,7640.15,1200.31,1286.05,14.5852
2019-05-08,2.4835,2879.42,7617.55,1201.35,1299.91,14.5852
2019-05-09,2.4423,2870.72,7582.75,1200.47,1296.92,14.5852
2019-05-10,2.4672,2881.4,7586.53,1198.47,1296.49,14.5852
2019-05-13,2.4015,2811.87,7324.13,1200.52,1286.72,14.5867
2019-05-14,2.4104,2834.41,7401.88,1202.29,1277.53,14.5867
2019-05-15,2.3732,2850.96,7503.25,1202.02,1277.82,14.5867
2019-05-16,2.3944,2876.32,7580.14,1205.06,1274.68,14.5867
2019-05-17,2.3909,2859.53,7503.68,1207.51,1273.34,14.5867
2019-05-20,2.4157,2840.23,7376.7,1205.63,1283.45,14.6313
2019-05-21,2.4264,2864.36,7451.02,1206.77,1284.93,14.6313
2019-05-22,2.382,2856.27,7420.66,1206.91,1285.36,14.6313
2019-05-23,2.3185,2822.24,7307.93,1205.19,1279.33,14.6313
2019-05-24,2.3202,2826.06,7300.96,1201.77,1279.78,14.6313
2019-05-27,2.3202,2826.06,7300.96,1203.36,1288.65,14.6774
2019-05-28,2.2658,2802.39,7278.38,1205.8,1305.58,14.6774
2019-05-29,2.2605,2783.02,7216.86,1208.31,1325.31,14.6774
2019-05-30,2.2133,2788.86,7245.4,1207.79,1325.52,14.6774
2019-05-31,2.1246,2752.06,7127.96,1206.19,1330.32,14.6774
2019-06-03,2.071,2744.45,6978.02,1201.71,1335.33,14.7045
2019-06-04,2.1296,2803.27,7166.75,1198.78,1340.86,14.7045
2019-06-05,2.1348,2826.15,7220.9,1201.9,1327.98,14.7045
2019-06-06,2.1174,2843.49,7275.93,1199.53,1326.84,14.7045
2019-06-07,2.0809,2873.34,7417.29,1195.42,1333.58,14.7045
2019-06-10,2.1484,2886.73,7501.93,1194.79,1342.31,14.7436
2019-06-11,2.1431,2885.72,7513.85,1193.82,1341.7,14.7436
2019-06-12,2.1205,2879.84,7472.29,1197.27,1339.66,14.7436
2019-06-13,2.0945,2891.64,7510.68,1197.24,1346.61,14.7436
2019-06-14,2.0804,2886.98,7479.11,1202.31,1360.38,14.7436
2019-06-17,2.0942,2889.67,7526.52,1202.92,1388.44,14.7694
2019-06-18,2.0595,2917.75,7635.4,1201.7,1399.63,14.7694
2019-06-19,2.0233,2926.46,7667.74,1197.03,1419.72,14.7694
2019-06-20,2.0284,2954.18,7738.06,1189.55,1423.44,14.7694
2019-06-21,2.054,2950.46,7728.78,1187.31,1409,14.7694
2019-06-24,2.0143,2945.35,7723.02,1185.86,1409.78,14.7871
2019-06-25,1.985,2917.38,7591.54,1187.57,1409.55,14.7871
2019-06-26,2.0468,2913.78,7627.05,1187.33,1384.19,14.7871
2019-06-27,2.014,2924.92,7657.05,1187.32,1418.65,14.7871
2019-06-28,2.0051,2941.76,7671.08,1186.92,1418.78,14.7871
2019-07-01,2.024,2964.33,7768.14,1192.62,1416.08,14.8349
2019-07-02,1.974,2973.01,7799.82,1191.58,1399.45,14.8349
2019-07-03,1.9498,2995.82,7857.69,1190.74,1395.53,14.8349
2019-07-04,1.9498,2995.82,7857.69,1189.92,1397.61,14.8349
2019-07-05,2.0338,2990.41,7841.3,1195.16,1419.02,14.8349
2019-07-08,2.0476,2975.95,7785.79,1196.52,1403.81,14.8351
2019-07-09,2.0648,2979.63,7826.86,1199.33,1415.75,14.8351
2019-07-10,2.0613,2993.07,7903.4,1195.33,1414.13,14.8351
2019-07-11,2.1378,2999.91,7896.78,1194.03,1406.23,14.8351
2019-07-12,2.1219,3013.77,7943.24,1190.58,1426.57,14.8351
2019-07-15,2.0887,3014.3,7966.93,1191.7,1446.1,14.821
2019-07-16,2.1026,3004.04,7927.08,1196.55,1425.37,14.821
2019-07-17,2.0451,2984.42,7888.76,1194.87,1424.88,14.821
2019-07-18,2.0242,2995.11,7904.13,1188.6,1417.83,14.821
2019-07-19,2.0552,2976.61,7834.9,1193.03,1425.86,14.821
2019-07-22,2.0464,2985.03,7905.12,1194.6,1414.58,14.8705
2019-07-23,2.0812,3005.47,7954.56,1199.57,1418.9,14.8705
2019-07-24,2.0428,3019.56,8010.61,1198.91,1426.8,14.8705
2019-07-25,2.081,3003.67,7929.87,1200.71,1430.88,14.8705
2019-07-26,2.0703,3025.86,8016.95,1202.65,1413.78,14.8705
2019-07-29,2.065,3020.97,7989.08,1203.62,1445.18,14.903
2019-07-30,2.058,3013.18,7952.47,1203.54,1440.83,14.903
2019-07-31,2.0144,2980.38,7848.78,1208.85,1463.7,14.903
2019-08-01,1.8935,2953.56,7801.15,1206.55,1474.42,14.903
2019-08-02,1.8452,2932.05,7692.8,1205.13,1501.16,14.903
2019-08-05,1.7075,2844.74,7415.69,1204.43,1500.95,14.9227
2019-08-06,1.7023,2881.77,7521.32,1205.34,1496.95,14.9227
2019-08-07,1.7342,2883.98,7551.9,1205.36,1511.16,14.9227
2019-08-08,1.7172,2938.09,7724.83,1202.96,1501.51,14.9227
2019-08-09,1.7447,2918.65,7646.27,1202.7,1516.36,14.9227
2019-08-12,1.6454,2883.75,7561.68,1203.15,1523.29,14.9217
2019-08-13,1.7035,2926.32,7728.15,1205.44,1513.52,14.9217
2019-08-14,1.5792,2840.6,7490.13,1208.77,1495.92,14.9217
2019-08-15,1.5269,2847.6,7484.89,1208.27,1507.2,14.9217
2019-08-16,1.5538,2888.68,7604.11,1208.9,1502.65,14.9217
2019-08-19,1.6063,2923.65,7719.32,1212.66,1498.06,14.9156
2019-08-20,1.5555,2900.51,7664.47,1209.39,1526.96,14.9156
2019-08-21,1.5893,2924.43,7733.22,1210.6,1527.31,14.9156
2019-08-22,1.6131,2922.95,7707.43,1210.57,1542.81,14.9156
2019-08-23,1.5351,2847.11,7465,1206.3,1539.01,14.9156
2019-08-26,1.5351,2878.38,7575.02,1209.96,1527.63,14.9322
2019-08-27,1.4711,2869.16,7566.03,1210.13,1520.38,14.9322
2019-08-28,1.4794,2887.94,7587.9,1212.91,1529.29,14.9322
2019-08-29,1.4945,2924.58,7702.31,1214.93,1547.1,14.9322
2019-08-30,1.4961,2926.46,7691,1216.62,1552.55,14.9322
2019-09-02,1.4961,2926.46,7691,1219.46,1519.05,14.9707
2019-09-03,1.4573,2906.27,7609.51,1217.84,1506.82,14.9707
2019-09-04,1.4657,2937.78,7719.25,1210.97,1499.13,14.9707
2019-09-05,1.5586,2976,7862.54,1210.57,1485.78,14.9707
2019-09-06,1.5602,2978.71,7852.54,1208.98,1497.2,14.9707
2019-09-09,1.6438,2978.43,7832.4,1208.18,1499.26,14.9814
2019-09-10,1.7316,2979.39,7814.74,1208.74,1488.53,14.9814
2019-09-11,1.7385,3000.93,7887.58,1210.83,1498.43,14.9814
2019-09-12,1.7715,3009.57,7917.34,1208.49,1501.38,14.9814
2019-09-13,1.8958,3007.39,7892.96,1206.65,1494,14.9814
2019-09-16,1.8467,2997.96,7852.41,1209.98,1499.03,14.9892
2019-09-17,1.8013,3005.7,7888.79,1207.1,1516.9,14.9892
2019-09-18,1.7961,3006.73,7888.56,1210.08,1522.24,14.9892
2019-09-19,1.784,3006.79,7901.79,1208.98,1531.87,14.9892
2019-09-20,1.7215,2992.07,7823.55,1209.78,1504.05,14.9892
2019-09-23,1.7267,2991.78,7818.61,1210.45,1504.78,15.0565
2019-09-24,1.6456,2966.6,7710.04,1207.55,1497.01,15.0565
2019-09-25,1.7372,2984.87,7803.54,1214.8,1472.49,15.0565
2019-09-26,1.6921,2977.62,7771.99,1216.97,1479.14,15.0565
2019-09-27,1.6801,2961.79,7681.58,1216.36,1499.45,15.0565
2019-09-30,1.6646,2976.74,7749.45,1218.84,1505.19,15.1042
2019-10-01,1.6353,2940.25,7684.14,1217.29,1504.66,15.1042
2019-10-02,1.5992,2887.61,7550.79,1216.69,1493.5,15.1042
2019-10-03,1.5341,2910.63,7638.4,1214.04,1505.51,15.1042
2019-10-04,1.529,2952.01,7754.1,1211.76,1505.57,15.1042
2019-10-07,1.558,2938.79,7725.13,1214.2,1493.99,15.1403
2019-10-08,1.5289,2893.06,7604.27,1215.94,1489.01,15.1403
2019-10-09,1.5836,2919.4,7690.53,1215.86,1493.21,15.1403
2019-10-10,1.6681,2938.13,7740.36,1211.39,1481.01,15.1403
2019-10-11,1.729,2970.27,7843.88,1206.01,1490.13,15.1403
2019-10-14,1.729,2966.15,7842.33,1208.28,1491.87,15.1562
2019-10-15,1.771,2995.68,7942.85,1206.59,1490.05,15.1562
2019-10-16,1.7395,2989.69,7920.21,1204.09,1484.5,15.1562
2019-10-17,1.7518,2997.95,7942.14,1199.73,1487.68,15.1562
2019-10-18,1.7536,2986.2,7868.49,1196.09,1492.12,15.1562
2019-10-21,1.7993,3006.72,7940.33,1196.03,1503.98,15.1604
2019-10-22,1.7607,2995.99,7874.62,1197.19,1504.63,15.1604
2019-10-23,1.7642,3004.52,7889.47,1197.14,1492.51,15.1604
2019-10-24,1.766,3010.29,7966.72,1199.51,1487.72,15.1604
2019-10-25,1.7943,3022.55,8029.22,1199.7,1495.66,15.1604
2019-10-28,1.842,3039.42,8110.67,1199.09,1512.99,15.1947
2019-10-29,1.8385,3036.89,8047.51,1198.95,1514.34,15.1947
2019-10-30,1.7715,3046.77,8083.11,1197.51,1509.82,15.1947
2019-10-31,1.691,3037.56,8083.83,1195.81,1483.61,15.1947
2019-11-01,1.7103,3066.91,8161.17,1194.2,1490.57,15.1947
2019-11-04,1.777,3078.27,8210.66,1197.79,1468.48,15.2194
2019-11-05,1.8584,3074.62,8210.18,1200.72,1459,15.2194
2019-11-06,1.8283,3076.78,8196.03,1200.88,1455.86,15.2194
2019-11-07,1.9173,3085.18,8219.65,1202.09,1456.32,15.2194
2019-11-08,1.9417,3093.08,8255.89,1204.33,1463.58,15.2194
2019-11-11,1.9417,3087.01,8241.91,1203.13,1471.4,15.2269
2019-11-12,1.9347,3091.84,8263.79,1205.4,1468.21,15.2269
2019-11-13,1.886,3094.04,8259.81,1205.92,1471.51,15.2269
2019-11-14,1.8186,3096.63,8257.83,1204.51,1472.46,15.2269
2019-11-15,1.8308,3120.46,8315.52,1202.19,1471.61,15.2269
2019-11-18,1.8153,3122.03,8328.48,1201.46,1464.41,15.2594
2019-11-19,1.7826,3120.18,8338.74,1202.4,1461.93,15.2594
2019-11-20,1.7449,3108.46,8283.75,1204.25,1455.26,15.2594
2019-11-21,1.7723,3103.54,8265.62,1204.52,1461.39,15.2594
2019-11-22,1.7706,3110.29,8272.05,1206.87,1454.44,15.2594
2019-11-25,1.7551,3133.64,8371.93,1207.44,1456.27,15.2911
2019-11-26,1.7414,3140.52,8385.75,1207.51,1463.98,15.2911
2019-11-27,1.7654,3153.63,8444.71,1209.45,1462.44,15.2911
2019-11-28,1.7654,3153.63,8444.71,1209.54,1477.61,15.2911
2019-11-29,1.7758,3140.98,8403.69,1209.03,1474.59,15.2911
2019-12-02,1.8189,3113.87,8309.26,1205,1476,15.2906
2019-12-03,1.7157,3093.2,8254.74,1203.85,1460.17,15.2906
2019-12-04,1.774,3112.76,8296.53,1201.49,1461.68,15.2906
2019-12-05,1.8103,3117.43,8308.4,1199.14,1464.39,15.2906
2019-12-06,1.8363,3145.91,8397.37,1200.66,1474.88,15.2906
2019-12-09,1.819,3135.96,8362.74,1199.83,1469.8,15.2718
2019-12-10,1.8416,3132.52,8354.29,1198.76,1476.33,15.2718
2019-12-11,1.7914,3141.63,8402.61,1194.64,1476.18,15.2718
2019-12-12,1.8922,3168.57,8466.9,1194.91,1476.22,15.2718
2019-12-13,1.8226,3168.8,8487.71,1194.67,1475.4,15.2718
2019-12-16,1.8713,3191.45,8570.33,1192.65,1478.8,15.3271
2019-12-17,1.8801,3192.52,8575.7,1194.79,1478.22,15.3271
2019-12-18,1.9169,3191.14,8580.62,1195.92,1485.79,15.3271
2019-12-19,1.9204,3205.37,8641.29,1195.25,1499.41,15.3271
2019-12-20,1.9171,3221.22,8678.49,1197.51,1499.84,15.3271
2019-12-23,1.9294,3224.01,8696.01,1197.54,1511.53,15.3378
2019-12-24,1.8996,3223.38,8699.51,1198.09,1510.56,15.3378
2019-12-25,1.8996,3223.38,8699.51,1198.09,1510.56,15.3378
2019-12-26,1.8944,3239.91,8778.31,1196.29,1515.16,15.3378
2019-12-27,1.8752,3240.02,8770.98,1191.18,1517.27,15.3378
2019-12-30,1.8788,3221.29,8709.73,1188.66,1517.29,15.3462
2019-12-31,1.9175,3230.78,8733.07,1184.83,1529.13,15.3462
2020-01-01,1.9175,3230.78,8733.07,1184.83,1529.13,15.3462
2020-01-02,1.8771,3257.85,8872.22,1187.69,1552.2,15.3462
2020-01-03,1.7881,3234.85,8793.9,1189.29,1565.74,15.3462
2020-01-06,1.809,3246.28,8848.52,1187.15,1574.37,15.3514
2020-01-07,1.8177,3237.18,8846.45,1190.61,1556.42,15.3514
2020-01-08,1.8738,3253.05,8912.37,1192.53,1552.32,15.3514
2020-01-09,1.8545,3274.7,8989.63,1194.19,1562.34,15.3514
2020-01-10,1.8196,3265.35,8966.64,1192.58,1547.88,15.3514
2020-01-13,1.8459,3288.13,9070.65,1192.76,1546.39,15.377
2020-01-14,1.8109,3283.15,9033.42,1192.83,1556.25,15.377
2020-01-15,1.783,3289.29,9035.67,1191.5,1552.51,15.377
2020-01-16,1.8074,3316.81,9125,1191.98,1557.24,15.377
2020-01-17,1.8215,3329.62,9173.73,1194.14,1560.77,15.377
2020-01-20,1.8215,3329.62,9173.73,1193.77,1558.17,15.4404
2020-01-21,1.7743,3320.79,9166.63,1195.2,1558.78,15.4404
2020-01-22,1.7691,3321.75,9188.58,1194.02,1562.94,15.4404
2020-01-23,1.7325,3325.54,9216.98,1195.68,1571.53,15.4404
2020-01-24,1.6839,3295.47,9141.47,1197.3,1582.06,15.4404
2020-01-27,1.608,3243.63,8952.18,1199.6,1567.17,15.4737
2020-01-28,1.6562,3276.24,9090.93,1198.97,1576.83,15.4737
2020-01-29,1.5839,3273.4,9101.61,1199.74,1574.28,15.4737
2020-01-30,1.5856,3283.66,9136.09,1198.73,1589.16,15.4737
2020-01-31,1.5068,3225.52,8991.51,1195.91,1576.73,15.4737
2020-02-03,1.5272,3248.92,9126.23,1200.13,1552.92,15.4681
2020-02-04,1.5991,3297.59,9334.06,1199.68,1556.02,15.4681
2020-02-05,1.6508,3334.69,9367.48,1202.11,1566.66,15.4681
2020-02-06,1.6422,3345.78,9445.92,1204.45,1570.44,15.4681
2020-02-07,1.5834,3327.71,9401.1,1207.52,1572.15,15.4681
2020-02-10,1.5696,3352.09,9516.84,1207.78,1567.89,15.4844
2020-02-11,1.6006,3357.75,9517.86,1205.81,1566.06,15.4844
2020-02-12,1.6333,3379.45,9613.2,1207.21,1576,15.4844
2020-02-13,1.6173,3373.94,9595.7,1207.36,1584.06,15.4844
2020-02-14,1.5848,3380.16,9623.58,1207.26,1581.13,15.4844
2020-02-17,1.5848,3380.16,9623.58,1207.83,1601.61,15.5062
2020-02-18,1.561,3370.29,9629.8,1210.43,1611.7,15.5062
2020-02-19,1.5661,3386.15,9718.73,1212.79,1619.56,15.5062
2020-02-20,1.5152,3373.23,9627.83,1218.51,1643.41,15.5062
2020-02-21,1.4713,3337.75,9446.69,1214.22,1659.38,15.5062
2020-02-24,1.3705,3225.89,9079.63,1215.7,1635.14,15.5083
2020-02-25,1.3521,3128.21,8834.87,1213.01,1640.96,15.5083
2020-02-26,1.3371,3116.39,8873.76,1215.29,1645.01,15.5083
2020-02-27,1.2607,2978.76,8436.67,1211.76,1585.69,15.5083
2020-02-28,1.1486,2954.22,8461.83,1209.53,1589.44,15.5083
2020-03-02,1.1632,3090.23,8877.98,1204.88,1640.9,15.5982
2020-03-03,0.999,3003.37,8594.49,1200.15,1636.93,15.5982
2020-03-04,1.0522,3130.12,8949.28,1202.07,1672.23,15.5982
2020-03-05,0.912,3023.94,8671.66,1197.61,1673.83,15.5982
2020-03-06,0.7623,2972.37,8530.34,1193.99,1680.47,15.5982
2020-03-09,0.5407,2746.56,7948.03,1190.98,1649.4,15.6649
2020-03-10,0.803,2882.23,8372.27,1204.63,1635.04,15.6649
2020-03-11,0.8695,2741.38,8006.12,1207.4,1576.15,15.6649
2020-03-12,0.8042,2480.64,7263.65,1220.47,1529.83,15.6649
2020-03-13,0.9603,2711.02,7995.26,1233.84,1514.1,15.6649
2020-03-16,0.7182,2386.13,7020.38,1236.52,1528.3,15.8345
2020-03-17,1.0784,2529.19,7473.95,1253.69,1486.05,15.8345
2020-03-18,1.1915,2398.1,7175.18,1274.08,1471.24,15.8345
2020-03-19,1.1404,2409.39,7288.52,1291.54,1498.65,15.8345
2020-03-20,0.8454,2304.92,6994.29,1292.45,1553.23,15.8345
2020-03-23,0.7863,2237.4,7006.92,1297.08,1632.32,16.2705
2020-03-24,0.8466,2447.33,7553.83,1287.74,1616.9,16.2705
2020-03-25,0.8673,2475.56,7469.62,1272.55,1631.34,16.2705
2020-03-26,0.8447,2630.07,7897.13,1248.33,1628.16,16.2705
2020-03-27,0.6746,2541.47,7588.37,1240.01,1622.51,16.2705
2020-03-30,0.7264,2626.65,7889.01,1248.87,1577.18,16.6661
2020-03-31,0.6695,2584.59,7813.5,1246.97,1591.51,16.6661
2020-04-01,0.5832,2470.5,7486.29,1255.79,1613.99,16.6661
2020-04-02,0.597,2526.9,7635.66,1260.84,1620.81,16.6661
2020-04-03,0.5948,2488.65,7528.11,1268.28,1660.97,16.6661
2020-04-06,0.6698,2663.68,8081.66,1267.71,1647.72,16.7451
2020-04-07,0.7122,2659.41,8049.31,1255.7,1646.14,16.7451
2020-04-08,0.7722,2749.98,8229.54,1257.04,1683.73,16.7451
2020-04-09,0.7191,2789.82,8238.53,1247.48,1696.65,16.7451
2020-04-10,0.7191,2789.82,8238.53,1247.48,1696.65,16.7451
2020-04-13,0.7713,2761.63,8332.74,1244.66,1715.34,16.8702
2020-04-14,0.752,2846.06,8692.16,1238.54,1726.97,16.8702
2020-04-15,0.6316,2783.36,8591.96,1250.1,1717.03,16.8702
2020-04-16,0.6267,2799.55,8757.83,1255.19,1717.7,16.8702
2020-04-17,0.6417,2874.56,8832.41,1249.26,1682.82,16.8702
2020-04-20,0.6053,2823.16,8726.51,1253.97,1695.65,17.0766
2020-04-21,0.5691,2736.56,8403,1258.46,1686.2,17.0766
2020-04-22,0.619,2799.31,8664.64,1260.3,1714.08,17.0766
2020-04-23,0.6015,2797.8,8641.5,1260.91,1730.51,17.0766
2020-04-24,0.6008,2836.74,8786.6,1260.89,1729.6,17.0766
2020-04-27,0.6605,2878.48,8837.66,1255.72,1713.99,17.4066
2020-04-28,0.6129,2863.39,8677.6,1251.78,1707.79,17.4066
2020-04-29,0.6269,2939.51,8982.76,1244.39,1713.41,17.4066
2020-04-30,0.6393,2912.43,9000.51,1242.5,1686.5,17.4066
2020-05-01,0.6118,2830.71,8718.18,1247.26,1700.42,17.4066
2020-05-04,0.6336,2842.74,8834.11,1249.26,1702.07,17.6001
2020-05-05,0.6619,2868.44,8930.62,1249.71,1705.92,17.6001
2020-05-06,0.703,2848.42,8984.86,1255.79,1685.71,17.6001
2020-05-07,0.6409,2881.19,9101.88,1250.22,1716.06,17.6001
2020-05-08,0.6831,2929.8,9220.35,1246.86,1702.7,17.6001
2020-05-11,0.7099,2930.32,9298.92,1252.51,1697.93,17.8194
2020-05-12,0.6651,2870.12,9112.45,1253.33,1702.7,17.8194
2020-05-13,0.6525,2820,9000.08,1255.64,1716.28,17.8194
2020-05-14,0.6218,2852.5,9094.43,1253.98,1730.3,17.8194
2020-05-15,0.6428,2863.7,9152.64,1256.95,1743.67,17.8194
2020-05-18,0.7257,2953.91,9331.93,1248.17,1732.55,17.9097
2020-05-19,0.6882,2922.94,9298.55,1246.66,1745.05,17.9097
2020-05-20,0.6801,2971.61,9485.02,1240.49,1748.18,17.9097
2020-05-21,0.672,2948.51,9377.99,1241.8,1727,17.9097
2020-05-22,0.6591,2955.45,9413.99,1244.95,1734.68,17.9097
2020-05-25,0.6591,2955.45,9413.99,1244.11,1731.95,17.9386
2020-05-26,0.6965,2991.77,9389.98,1233.32,1710.58,17.9386
2020-05-27,0.6819,3036.13,9442.05,1234.65,1709.47,17.9386
2020-05-28,0.69,3029.73,9416.71,1230.34,1718.33,17.9386
2020-05-29,0.6526,3044.31,9555.52,1228.11,1730.27,17.9386
2020-06-01,0.6591,3055.73,9598.89,1220.02,1739.55,17.9734
2020-06-02,0.6852,3080.82,9657.31,1216.95,1727.7,17.9734
2020-06-03,0.7458,3122.87,9704.69,1213.28,1699.67,17.9734
2020-06-04,0.8234,3112.35,9629.66,1211.31,1714.01,17.9734
2020-06-05,0.8951,3193.93,9824.39,1209.82,1685.06,17.9734
2020-06-08,0.8752,3232.39,9901.52,1204,1698.53,18.0628
2020-06-09,0.8253,3207.18,9967.17,1204.53,1715.33,18.0628
2020-06-10,0.7263,3190.14,10094.26,1199.09,1738.7,18.0628
2020-06-11,0.669,3002.1,9588.48,1213.6,1727.7,18.0628
2020-06-12,0.7034,3041.31,9663.77,1214.59,1730.75,18.0628
2020-06-15,0.7215,3066.59,9776.89,1210.63,1725.16,18.1391
2020-06-16,0.7528,3124.74,9949.37,1213.7,1726.53,18.1391
2020-06-17,0.738,3113.49,9982.48,1214.15,1726.95,18.1391
2020-06-18,0.7084,3115.34,10012.05,1219.86,1722.93,18.1391
2020-06-19,0.6937,3097.74,10008.64,1220.01,1743.87,18.1391
2020-06-22,0.7085,3117.86,10130.33,1214.01,1754.43,18.2374
2020-06-23,0.7118,3131.29,10209.82,1210.49,1768.41,18.2374
2020-06-24,0.679,3050.33,10002.7,1217.33,1761.17,18.2374
2020-06-25,0.6856,3083.76,10101.83,1217.95,1763.79,18.2374
2020-06-26,0.6413,3009.05,9849.36,1221.35,1771.29,18.2374
2020-06-29,0.6234,3053.24,9961.16,1222.66,1772.82,18.2335
2020-06-30,0.6561,3100.29,10156.85,1219.78,1780.96,18.2335
2020-07-01,0.6758,3115.86,10279.25,1216,1770.09,18.2335
2020-07-02,0.6693,3130.01,10341.89,1215.09,1775.38,18.2335
2020-07-03,0.6693,3130.01,10341.89,1213.35,1775.95,18.2335
2020-07-06,0.6759,3179.72,10604.06,1209.39,1784.68,18.3259
2020-07-07,0.6397,3145.32,10524.01,1214.12,1794.86,18.3259
2020-07-08,0.6644,3169.94,10666.7,1208.37,1808.89,18.3259
2020-07-09,0.6135,3152.05,10754.59,1210.8,1803.55,18.3259
2020-07-10,0.6447,3185.04,10836.33,1209.3,1798.7,18.3259
2020-07-13,0.6184,3155.22,10602.21,1210.44,1802.76,18.3884
2020-07-14,0.6233,3197.52,10689.52,1207.73,1809.36,18.3884
2020-07-15,0.6299,3226.56,10701.68,1203.84,1810.29,18.3884
2020-07-16,0.6168,3215.57,10626.46,1207.69,1797.16,18.3884
2020-07-17,0.6266,3224.73,10645.22,1204.75,1810.42,18.3884
2020-07-20,0.6102,3251.84,10952.08,1202.97,1817.77,18.3183
2020-07-21,0.6004,3257.3,10833.07,1195.3,1841.91,18.3183
2020-07-22,0.5971,3276.02,10870.75,1193.43,1871.41,18.3183
2020-07-23,0.5774,3235.66,10580.59,1193.61,1887.44,18.3183
2020-07-24,0.5888,3215.63,10483.13,1188.82,1902.02,18.3183
2020-07-27,0.6151,3239.41,10674.38,1180.47,1942.24,18.3183
2020-07-28,0.579,3218.44,10532.5,1180.26,1958.43,18.3183
2020-07-29,0.5741,3258.44,10662.98,1176.48,1970.79,18.3183
2020-07-30,0.5462,3246.22,10715.51,1174.3,1956.64,18.3183
2020-07-31,0.5282,3271.12,10905.88,1179.02,1975.86,18.3183
2020-08-03,0.5543,3294.61,11055.08,1182.01,1976.98,18.3183
2020-08-04,0.5069,3306.51,11096.54,1179.54,2019.21,18.3183
2020-08-05,0.5477,3327.77,11125.44,1173.73,2038.12,18.3183
2020-08-06,0.5362,3349.16,11267.08,1172.95,2063.54,18.3183
2020-08-07,0.564,3351.28,11139.39,1179.07,2035.55,18.3183
